state,license_plate,customer_id
PA,13F 527,SQYYD
TX,1940,N4GU8
AZ,22-3633A,8T2WF
AZ,5-16478,G4EFF
GA,BG-7967,NMNBE
AL,HZJ-6478,X307G
NM,MVJ7555,UUIQV
NM,MZY 421,YVUI4
CA,ZLW 656,P82Y5
AL,30RE238,OJNKK
KS,574-QATO,6QHZ5
NY,664-ABO,QJRLU
CO,7VCI 64,XL0IZ
OR,94-O057,63IUZ
AR,AZS 673,I46LY
WI,MFZ 666,WV78O
MD,OAC 149,JLKPB
AK,STD 3323,J5W2Y
MA,ZO 03529,ECLZ0
CA,0IB 806,ASP2V
OR,185-LBOB,3NTLW
SD,1UP4839,JAM2X
SD,1UP4839,MCFNR
AR,28-8798P,QJFSG
WV,368 4XS,P2KAO
WI,419 OJ9,I6QYC
MD,5QX M55,EQH3C
AL,6CG 146,GGLGZ
IN,6LKH 84,EWVMH
GA,6UR 229,GWD4M
FL,74N 293,GIIMF
VA,ALQ2839,S9NAO
HI,HMR4671,LYT9A
HI,ZZS 012,PXRMA
PA,767 0MC,5K4EO
AK,898-KYL,Y5S1L
OH,LMK 078,0IBLC
NH,RR6 2278,RWG0O
NH,RR6 2278,SRQEZ
AL,04-P760,WY4OV
AL,0BSC 43,ODCSN
AL,15-9741X,LCSHX
AL,160-FHO,69DND
AL,2-P4294,AYETF
AL,201 XIR,BU4OJ
AL,491 VKQ,SDURQ
AL,6ZS D50,ATHEI
AL,727-CHZ,XXKOZ
AL,7C VA368,5EGES
AL,803DL,148JD
AL,88-L741,WITRH
AL,935-ROZ,OT2Y6
AL,9CO 562,GUBYO
AL,9CO 562,Z6ZB0
AL,W04-GUX,OBK9B
KS,0-A8139,9IW7A
KS,0-A8139,M84WC
KS,0-A8139,IYJS5
OR,016 DBU,76KCO
VA,038 PTR,0P0TK
NJ,153Z,VYZCQ
SD,39HB8,G6UIQ
TN,467 DOY,25ZTM
OH,685 GW7,N3XHN
VA,7671 HB,MD7JB
ND,922 6991,J02XH
MO,LF 0687,1TLN4
AZ,SH-9552,H1X15
IA,114 YNX,1NOIS
IA,114 YNX,KUWJ4
NY,2Y 62273,MR3R6
NE,407FCZ,GTXJU
NE,407FCZ,4PEFS
NV,4A 98967,HCYMT
SC,5T 18061,HHODM
MD,6-T8917,BLK1G
UT,8L 0814H,A0M32
NY,902-HYP,EI464
ND,FMN-1318,LTQL5
AK,KK-1797,NLHGY
CO,QVO 860,CTGEV
AR,180-WHI,CZH0H
AR,2013 JZ,BFX3V
AR,321-NWX,4PUZ7
AR,398-MLS,O9T0E
AR,423 NNM,LO0DF
AR,429-LVS,HB0R1
AR,429-LVS,TP0RZ
AR,634 EER,Q4U0S
AR,634 EER,XEO8W
AR,952-GLK,OOHUA
AR,9NHP711,WH92I
AR,ARD 965,IW2S4
AR,DIK-970,43297
AR,ERS-434,P13LW
AR,I 979449,UERUY
AR,IUJ6417,WH7RI
AR,KLU9715,H2HRN
AR,LCR 665,3QAQ8
AR,QNR-108,XHRE3
UT,106 XBA,ZNEHB
MS,146-CQK,TUF4I
AK,21K CJ5,BN0LU
AZ,36MM9,BIWA5
AK,696 MPT,V36XH
MO,6JN 670,BOO72
NC,FEC 751,1EJRD
AL,HD 6889,D9EVU
NJ,KD 68015,Z96J0
NJ,KD 68015,7GXI9
KY,KER0130,ANHJ3
VA,LEP 768,U7PFX
VT,LWS 060,0JI48
MN,M05-03E,MRSGI
CO,VAR-0526,Z08DT
AK,XGE-309,9M80A
PA,ZGU 462,IU6Y6
VA,0-8967E,OLA72
TN,12LQ1,CR00P
SD,298 4XD,UWBK4
IA,340 VV9,HZO7P
MO,3ZK 405,DZHJS
ND,428G,1FE9M
SC,48-8108D,7RVJN
TN,733 GDU,MOF3X
NM,809F,13W4B
NM,809F,E1NRN
AL,8AM 505,HF2M9
TX,8X Y7531,NSEB8
WV,90P 809,NBGKB
WI,AHA 229,ZM9TY
NV,I 365658,2ML32
CA,K43-SNJ,VIC5A
UT,MBA 955,8EF39
AZ,079296,K5PPC
AZ,197-XIJJ,648Y1
AZ,442-MOK,X9RLD
AZ,6261,CCEUY
AZ,9H783,MDGBZ
AZ,H12-UXV,X647O
AZ,H12-UXV,LZHSE
AZ,UIC-1051,JWMW7
CO,06R 214,03QJ3
AK,660 IEV,BK596
AK,660 IEV,D82X2
GA,7TT 444,87DJH
DC,9247,OI9CL
OR,CLG-086,AQB3J
OR,CLG-086,9LNGA
WV,GZP-198,G5VIZ
IN,IPR2746,OCN5R
HI,ZKO 904,3CICN
ME,071 WPY,4OHC5
KS,11-B631,6MI7I
RI,3PW M25,IGFDE
OR,5-K6538,0BKVC
WY,7-02972E,ACS6K
WY,7-02972E,1GJPV
NY,7-W6856,1P85K
PA,87Y ER8,S61GW
LA,AGP 467,P9VDG
GA,NKW 178,NXBE7
TX,OB5 5853,3IJYA
WY,RYW 202,YZOY6
AK,05R 983,OO7GR
KS,2KF28,HZUF2
WA,30-1892O,3L2K0
MT,3B GI001,UU86C
OH,431618,PQY7J
OH,431618,ED86E
MA,545JH,31EO0
WY,645F,BGLPL
MS,707JLO,Q7429
WI,C77-05G,QRWD9
WA,K 312466,14F8E
IL,KNX 787,TP410
IA,NU 8789,E4Y0A
MD,TDB1720,M3RVD
SD,TNW 068,QXK0B
PA,UIJ 367,ORMHJ
DE,WC6 Q4G,8XC0L
WI,ZAE 2837,DC0D6
MI,ZRC1387,BQDW4
MO,454 GXK,E3GNS
IN,502 8303,DEHVT
OH,7HQ0862,6Z4OF
TX,PCJ-0958,UAJOI
OK,PDR-1104,UDBQ3
AK,PI 0770,KYBF4
WI,ZVQ 633,UOGAI
ID,1395,23A78
SD,1CA2324,2724S
WA,3-91457K,2PUAK
WA,3-91457K,SPU5K
IN,6TDN 27,1UJX9
NC,86-91793,ZADSK
NE,9EJN270,XBM07
DE,A89 1WU,7SR7J
TN,ZMJ 984,WO8U6
GA,182 NTB,HIF6V
IL,3ME 362,IE6W8
CO,479 NPI,ONLS0
CO,479 NPI,RN15P
WI,54X J71,E3E4T
AR,5MSI072,QSE62
KY,700 1LR,C7IWN
IL,8WC60,7XA8J
GA,J38 1IS,C9128
DE,YFQ-259,ZVUGI
LA,ZTR 932,J9G5I
SC,2-97886,7OEQ6
GA,45B 6699,5XP32
NE,589 QUO,YSQII
NV,6BE4277,7GFRO
MA,892 ONE,A26ST
HI,8BJ 903,SEQU3
MO,P67 6HO,LL0J8
MO,P67 6HO,EU9PG
DC,05M Z40,99NKZ
NE,262 9HL,8SHKP
NJ,4D 6K5YRO,NTOU7
NE,623 PAD,BXNDG
NE,623 PAD,C533A
NE,623 PAD,YZJOR
NH,71UK004,Y6A7Z
AK,AF 0674,NS5H2
WY,HGF-940,JL151
AL,JDO-488,GW2PL
MI,LXY 297,XZWSR
GA,MVL 311,JUG86
TN,0JWT101,T8ZMN
RI,363-RIOE,2MH8N
IL,49W P91,B9QER
TN,5BV2651,XYL9I
HI,6P K8706,TLRJE
NH,722 HAF,5CW1L
DC,C92 0TH,CVB3N
IN,J30 1EC,Z308T
OR,LQI-3812,0YGUD
MS,RQB-5126,NIE2B
VT,XTM-572,MDWAR
KS,056-QKD,LM88V
NH,148-RYW,J0WKK
LA,198-HWI,GSA99
NM,213W,CU5MT
WV,36J•294,RA2FG
LA,3KI O46,VKT3T
TX,53F 1501,FW704
CT,6CN F32,LKHB2
NH,6MZQ 57,AM6PM
SC,729-KIB,G80XK
FL,918 BPM,MLCY5
MA,EO 3029,5IVMH
RI,HQ3 3626,F3IHM
NC,IA2 W0T,K42O4
NV,ZGF 494,NWXY8
KS,ZNL 271,ZMMI9
WV,079 RAA,Y309F
GA,0VP 603,2DR30
NH,1ES 991,U2V5L
FL,267 KQP,V742L
OH,39M Y24,W9N1B
NC,58M 6619,DQWES
NJ,706 5135,ITACP
MI,LGO-7863,3U5KL
TX,UEE 207,OGANP
CO,VB3 B2G,8T78C
LA,X17-36Z,C2O9T
NJ,168 NFZ,CYALX
IL,2CC 518,U5POR
KY,3-2567K,J5HOT
IN,418 AEO,LYT89
IA,4JHS536,2J38V
NC,5-80437C,DMQ5Z
IA,7-87010Y,DXVC3
DC,7O 5530O,K2AP7
MI,H85 7GU,TUR86
WY,MSE-7671,X0SFQ
GA,025-UFH,FZ7MC
GA,025-UFH,UZR2N
WA,569W,WGYHD
VA,5RI 184,8HSJO
UT,7-16491G,FXLJD
WA,7TL6044,O9W0H
WI,BS-7277,ZQG7Y
NC,N 775372,UIXGA
OH,NKU 295,K67Q6
NV,TLA-927,PT33P
VA,1K 00668,86OOD
WI,32LD159,8N4B3
AK,358 LFV,KB8R8
OK,477 2PK,X087B
OK,477 2PK,6D7T3
SD,68F XQ2,X9MYX
MA,7-4755J,KH3JQ
NC,741-YYZ,1BYHY
UT,907 QZS,L11T4
OH,A09-85Q,WZXFL
IL,MDU-9077,REQXN
NJ,SCK 313,KH3BK
PA,172 7754,OGS7E
OH,1BA44,ASOVT
WA,366 IGV,MTURL
WA,3DN6666,N95L4
WI,3LQ6406,NMNWQ
AR,405-QQU,S2MC8
ID,459-LEY,FQ0I1
OH,60-BH39,CM4E9
UT,878-359,SH5UQ
NC,ASL 608,D53L3
GA,IGO-5548,7MIW7
AK,462-HNM,MXQDW
PA,767MTA,8RBO8
VA,842-WXY,QA4ZS
MT,FOL 585,VEGI8
MI,HVN 166,Z1A8R
ME,KNL 849,DI7JH
RI,XII 275,UA3VH
RI,XII 275,FPL7T
CO,24IO915,6CFW4
MI,3G 10501,CWXJ2
NV,67S•451,PSRCH
KS,9-54566,N8L9L
LA,ACH-817,4FR69
KY,AJY-5200,NYHZC
KY,AJY-5200,VQ69N
VA,DWO 559,G9CAS
KS,TQY 475,CRTVC
NV,YXF 1145,6VW4T
CA,0-0147J,474G2
CA,0-0653O,K7FP8
CA,0-0653O,0K6N3
CA,0-1051K,X77XF
CA,0-13415F,FTYNZ
CA,0-2502F,H6WH9
CA,0-2823U,FX9DR
CA,0-3295Q,YL27K
CA,0-34979H,3T2QH
CA,0-49499,QXU11
CA,0-60173,NPBV8
CA,0-94511X,PZ7EA
CA,0-U7258,JNMFB
CA,0-X0888,LDGAV
CA,0-Z9536,OG7QG
CA,00-56837,MIVKN
CA,00-A224,WQ0CJ
CA,00-MF68,NRIW6
CA,00-XK78,4UCLM
CA,001-ZXNN,KBSOX
CA,004 BFG,NB94H
CA,005-NFF,11H6P
CA,005-SCT,YJ4KY
CA,005XKD,QW53C
CA,006 ZHY,JBKA0
CA,006 ZKK,PICUV
CA,006 ZKK,1YXMR
CA,006-621,U735S
CA,006H,XKTPD
CA,007-NTY,39BB9
CA,007-ZWN,VCLAL
CA,008-AYF,15J6F
CA,009 4KF,UUQ9A
CA,009 4KF,BIE3M
CA,009 4KF,X4VFD
CA,009 4KF,JRV1K
CA,009 6YQ,VXBKV
CA,01-0823K,82JPX
CA,01-30086,H3I7V
CA,010 QSS,15Q5D
CA,011-ENS,DBU59
CA,012 ROD,NVC1R
CA,014 OSY,Q5IH4
CA,015 4TO,KXPC6
CA,015 6OV,6Z53Z
CA,016 QIQ,IPJE4
CA,016 QIQ,BVUB2
CA,016 QTH,C465B
CA,016-IFC,XJP1R
CA,0161,NGN4Y
CA,017 ENN,H47J8
CA,018U,R3WW3
CA,018U,PY39U
CA,019 RJW,C7TIU
CA,019 TVO,HYWP6
CA,01P H59,T91WI
CA,02-91987,AISUN
CA,02-S614,446IP
CA,020 1070,ORDVS
CA,021-018,X681P
CA,022 JDB,Q7AAU
CA,023 GKU,5OOSE
CA,023-RFV,R9UX3
CA,023-TKN,LCPS9
CA,024-QZM,SUBDE
CA,025 NJ0,BTXH7
CA,026J1,ISHW8
CA,0277 BK,CNFT2
CA,027DJO,BZTG2
CA,027XO,UM1CD
CA,029 4736,KOXEE
CA,029 4736,VB9II
CA,029 IBM,JKJ3U
CA,029 ICY,7RBVP
CA,02D AX4,0JGL0
CA,02D AX4,H9N4P
CA,02G 5769,LGJAP
CA,02G 5769,BBU3I
CA,02J TQ1,CHDSM
CA,02J TQ1,IB3BY
CA,02NE573,3E80M
CA,030 7TH,P8032
CA,030 PQS,708R1
CA,0308,ANAHM
CA,030KBB,3HXMS
CA,031-AOU,28VDN
CA,031RK,O2HYY
CA,032 FQA,V4DEN
CA,032C,4LKTD
CA,033 XN4,AT9JR
CA,033 XN4,85ZAN
CA,034 0818,U6JMO
CA,034 NTQ,OYAM1
CA,034-HTM,RSI17
CA,035-323,DG2JW
CA,036-SII,PY72T
CA,037 CJV,FX4RA
CA,038 QQB,T0EDD
CA,039 MWG,CFZVD
CA,03CO2,3DDB3
CA,040 BGR,ZNJD7
CA,040 BGR,V57YX
CA,043 MSL,OEGS4
CA,045 KWV,1QNBE
CA,045 QQ7,OV4NL
CA,046-947,PSWKU
CA,048-MXV,Q0IVN
CA,0508 LV,7ZE3A
CA,051-HTE,Q0M0B
CA,051-MNO,6BG4S
CA,053 6VX,8CTKG
CA,054-VSP,CJUFH
CA,0540,VNJ9U
CA,056-BTI,KGSUJ
CA,0574 LY,FE0SE
CA,059-DYB,BP2ID
CA,059-TXCL,FUFJN
CA,05L JY2,91VU9
CA,05L JY2,T0OSU
CA,05L JY2,TGOVJ
CA,05T MA6,HJYXD
CA,060 NIY,9S1EY
CA,060FG,FIZKN
CA,062CPN,KOPQQ
CA,066 FUN,5XWWE
CA,066 WKC,HFB1N
CA,066-FSL,CJ3KG
CA,066XIQ,8AG19
CA,067 0GV,YI8GI
CA,067 TWL,ETIPR
CA,069 QQY,WMOR5
CA,06ZF7,E1F12
CA,070 BF6,1MGBW
CA,071 MHI,ZMJXU
CA,073 8748,9TBC0
CA,073 KYR,L9PZE
CA,0736 VI,TJ28B
CA,073V1,UFQWM
CA,074U5,OUU4X
CA,075 WKG,DFQHP
CA,075-AIY,1WNVW
CA,076 3OP,M46OP
CA,07I F21,QONFU
CA,07P Y05,0QGPJ
CA,080-YAG,GIQUG
CA,0839,4SIBZ
CA,086J,OZ0US
CA,089 3PH,YWCE6
CA,08AZ3,PXCKU
CA,08O F54,YBZUJ
CA,08Y G85,76ZGA
CA,09-ZL30,V6MTY
CA,090 DBG,SVT7J
CA,091PQ,AL9D3
CA,0927,2VTRQ
CA,094 YWJ,6KCMI
CA,095 2138,D3J0O
CA,097 1PL,ONGEJ
CA,098-DXD,BEA5R
CA,098-DXD,SQT4B
CA,098JIA,0DFE3
CA,09A O28,J67HK
CA,09BO7,73HCU
CA,09K•502,YTKF1
CA,0A 1671H,P5BVW
CA,0AO2650,R8HGK
CA,0B R6693,C3OKM
CA,0C M0438,H529K
CA,0F 3766P,IA8OX
CA,0FN J46,4A52F
CA,0G 94958,EQRX6
CA,0G C3651,2LSRJ
CA,0HD L35,59IDX
CA,0HX W23,9LKGJ
CA,0JU3129,KNBBX
CA,0JU3129,7AG9Q
CA,0JW 098,3Y1P8
CA,0LG 373,QPU8U
CA,0M H9647,VNF5U
CA,0MC 761,2P8UK
CA,0MC 761,N1LPA
CA,0N 75711,DZ6O4
CA,0NET371,DM1R0
CA,0NET371,1JZP7
CA,0NI 822,QBCUO
CA,0NXD972,WXBMH
CA,0NZ 859,KT6CA
CA,0PQ11,3VX5U
CA,0Q E1939,MW737
CA,0Q548,L05TO
CA,0RT 291,TDJD0
CA,0T 2691R,TL49D
CA,0TDJ 45,GWENP
CA,0UVH668,8J44H
CA,0V EI053,TWW9T
CA,0V N5548,6F37X
CA,0VE N54,DDTGE
CA,0VE N54,LZW8B
CA,0VG 460,Y2VUP
CA,0VKF 02,LUOJX
CA,0WU D89,6HCGW
CA,0X 4002Y,2445R
CA,0X RM461,HOGTV
CA,0X RM461,RS60P
CA,0Y 3V5QEB,IFJFZ
CA,0Y H6515,YIENW
CA,0Y073,GE91B
CA,0Y073,0WKUS
CA,0YP9099,N6DG8
CA,0Z 69466,HNUG4
CA,0Z824,42EDY
CA,0ZC M38,N1BF2
CA,1-37328S,Z7M12
CA,1-44350,MAA9E
CA,1-4989B,K4W5W
CA,1-77584,M1KHL
CA,1-79298,5N5XH
CA,1-90242C,SMBS5
CA,1-99155B,50OUA
CA,1-F0304,43M19
CA,1-J2031,BUIDR
CA,10-42328,LGFSD
CA,102 7QS,BUOK8
CA,102 RLS,GL67M
CA,105 UNY,V5N8C
CA,105-BKO,EIGF6
CA,108 COZ,O710H
CA,10O•269,HL8YW
CA,10W 384,S6RH1
CA,10Z N91,TC9G7
CA,11-56943,BKIP8
CA,11-56943,J6W0N
CA,110 7JU,UZ5CZ
CA,110-YHC,FXHOX
CA,110W,DDH0C
CA,111-IVR,EGLA8
CA,112 TFO,14L91
CA,112DLN,BOTFO
CA,113 XIF,0KXUL
CA,113-760,LHUYZ
CA,114-JZEP,JIKCP
CA,116 THS,4FVZ1
CA,1175 RJ,S6T7S
CA,118-AHO,N57J4
CA,119 AJ7,564CD
CA,11N 435,3AC13
CA,12-2407Q,XAFQ3
CA,12-50743,EYJ2E
CA,12-M590,0XE3F
CA,120 3TL,1GGMN
CA,121 PKP,MDM2Y
CA,121RX,HSSKD
CA,123-WRZ,W0S1A
CA,1259 GK,SBUV0
CA,126 HYX,JRGBU
CA,127LEE,1YVDN
CA,129 2FP,RQE2M
CA,129-SKJ,JULS6
CA,1299 HR,BKP2E
CA,12KY1,KCY1P
CA,12TR5,KHEJM
CA,12V•748,FYWOA
CA,12X AI1,UGTPF
CA,130 SBH,SP00A
CA,131 UTL,1MQ2Y
CA,132KM,FVHJP
CA,133-KKN,R5JQM
CA,133-KKN,9M2CI
CA,135J,ZLO2O
CA,138 IHD,BQV8F
CA,138 ILG,WJKQE
CA,138K,FYY7T
CA,13F IP2,XYNMS
CA,13O WU5,K43L2
CA,13ZS235,BCIXC
CA,14-3646P,Q94DA
CA,140-FVW,ETR6H
CA,140WFR,L8ZPA
CA,142-LHV,OSHBE
CA,143 ANQ,DM43S
CA,144Q,LIWAX
CA,145 0CT,58TC9
CA,146-XIY,QQQBA
CA,147 6ZQ,8I9XL
CA,147LXY,OUOJF
CA,149 LBW,RL94X
CA,149-LQUV,S6IZN
CA,14G 798,JD9UZ
CA,14QY687,MUDY0
CA,15-8141I,F62L6
CA,15-D286,VPI4K
CA,151-FZFW,UGJ9B
CA,152 JSZ,3G5BU
CA,153 JA7,ELY0G
CA,154 CAC,36NG4
CA,154 ZKK,6ZNYY
CA,155 5338,BWV6H
CA,155VQV,0AOUH
CA,156D,74LYH
CA,156F4,SABKC
CA,156S,YG9ZR
CA,15L 8084,UMA79
CA,15L 8084,WW4RC
CA,15P 088,27RB1
CA,15RD2,U024K
CA,16-27616,C3Q2T
CA,160 WQW,O4ETP
CA,160 WQW,GVRDR
CA,162 2DV,1G7CH
CA,163-JBKG,0FS6I
CA,163-OYO,Q6BIB
CA,164 1UG,56318
CA,164 1UG,NLXE6
CA,164 8603,OI7FG
CA,165-BOH,R1CA0
CA,166 TRY,JC7Z1
CA,167 RS2,F623G
CA,168 QLU,Q9A05
CA,1689,R0DEG
CA,16IZ856,0VZJH
CA,16IZ856,7487Z
CA,16K U39,N80A2
CA,16RF3,ID5TM
CA,17-91298,C325B
CA,174-HES,GMPON
CA,175-018,NT6QK
CA,175-NJX,5NWDL
CA,178 WAT,23X9U
CA,17OD911,N0J25
CA,17OD911,Y3IDA
CA,17T G10,8WTIM
CA,180 NWE,NZS8B
CA,181S,EAP01
CA,183WXJ,FPKSJ
CA,184-JEA,1SX1C
CA,186N0,3ZXTL
CA,188GRG,O2KSI
CA,189-WMVP,PWUPL
CA,18B Y59,XTW5D
CA,18Y V95,XUELC
CA,19-ZZ05,FGHGJ
CA,191-PAW,F0JCN
CA,191-RLQ,OFFFM
CA,194 EM2,1R60L
CA,194 EM2,8O6N9
CA,194 SYC,0H2DB
CA,194-KIJJ,AYE72
CA,195FIV,SHJY0
CA,196-DPY,6FYNK
CA,196-RQV,HJ7NF
CA,196W3,1ST9R
CA,197-QHS,AAU9W
CA,198AP,7E1JE
CA,199 NRT,21KEX
CA,19A P84,SREYZ
CA,19E C50,6YGQI
CA,1BSV 71,HILP0
CA,1D IN881,HRUWQ
CA,1D IN881,VEZY7
CA,1D IN881,WK1RA
CA,1DK5114,T49S9
CA,1EL 589,O2ZNA
CA,1F 4Y8NDZ,S28ME
CA,1F549,Z40J1
CA,1FB J46,13D76
CA,1FE 248,FDGTL
CA,1FI 469,Y959G
CA,1FP X68,TDNVV
CA,1GLA263,KBNBS
CA,1GLA263,JBMUS
CA,1GQ5565,OEI41
CA,1H 4T5JSX,8H7NB
CA,1HDC021,3B9XP
CA,1HP1663,EL6UJ
CA,1IQ4518,TTGHF
CA,1IZ28,C8L48
CA,1KS2103,QO7OB
CA,1M 0Y5QGF,2SQQQ
CA,1M013,JRNWX
CA,1N MW769,9XH9R
CA,1NTF661,C6RPG
CA,1PCK 05,C83QL
CA,1PCK 05,VM9HX
CA,1Q751,7WH7M
CA,1Q751,0W14I
CA,1RF7811,IDVIM
CA,1RY1373,U5SF6
CA,1S 3655Z,7ZIOJ
CA,1S I1100,BHOCC
CA,1S Y5696,KIGAN
CA,1SJ 672,SB4RN
CA,1SK 676,ZKCTX
CA,1T 4F3IHW,E40DO
CA,1T640,Q8DEK
CA,1TD E83,0TNLB
CA,1UA E43,A0XJN
CA,1VU 215,MSZVO
CA,1VU 215,A8E87
CA,1VZ U81,NWX1G
CA,1WL X53,OLYYT
CA,1X 3682S,SOEPE
CA,1X 7062E,LBE3H
CA,1X A0440,MX4YW
CA,1YD D73,MNUGF
CA,1YD D73,ZP9PL
CA,1YWI280,DEF6Y
CA,1Z 6261N,SZXD3
CA,1Z A7627,LBQP3
CA,1ZD6402,OY84I
CA,2-0358D,JDOEI
CA,2-0358D,IH0LN
CA,2-14949,C5XTQ
CA,2-1644E,YNMFG
CA,2-58399,RXQND
CA,2-61781H,V40NK
CA,2-87285,GO8CI
CA,2-95521,DX7SM
CA,2-95685,482Z7
CA,2-G2863,DHT4W
CA,2-S0673,PSS4H
CA,2-S0673,ZDX62
CA,2-S1846,U04UU
CA,2-U3901,OFQA0
CA,2-U3901,7PT7D
CA,20-30742,GW9S2
CA,20-30742,9A2U1
CA,20-59106,8H52P
CA,200A3,MQTQE
CA,201 ZRQ,T7PN0
CA,202-DVU,3EF0Z
CA,202-DVU,VFJQ4
CA,202-DVU,AGLYC
CA,203ECO,26CVS
CA,2044,R56RL
CA,2044,7SU6I
CA,2044,L3VEL
CA,205 PQ3,3U9MM
CA,205 PQ3,1E74Q
CA,205-LIW,YGVB3
CA,207-XUP,6S1KJ
CA,208-QGS,TGCXG
CA,209-ZNO,A6NZW
CA,20XR2,36PFL
CA,210-GSK,WKDPQ
CA,2112,RTOML
CA,211221,6CUDG
CA,212-YOD,391TA
CA,214 EUF,UYP0X
CA,215 XGW,W0D0W
CA,216-LJQ,8ZYE7
CA,2163 VH,UWSKE
CA,217 CMS,Q3ZB1
CA,217-JCS,7TR3A
CA,21F 5417,3Y9UF
CA,220 WYL,VN5I5
CA,220-FZL,UUG6I
CA,220-GCL,5GKA8
CA,221 9JL,5A9XT
CA,221 VUV,FY34F
CA,221-OIU,V7XH3
CA,222 GAE,48N8U
CA,223 LDO,CIOTE
CA,223 YVU,AU3T5
CA,228 VDM,3IG6C
CA,229 9LD,8RHYW
CA,229 GFY,8O0WG
CA,229 GFY,EBQBM
CA,22D•212,TE8XV
CA,230 RAZ,6WTO6
CA,230 RAZ,6FP42
CA,230543,VC9LC
CA,231-XNG,HM9H5
CA,231-YKB,1AJHV
CA,237-205,JZJX6
CA,237PDD,U3YPO
CA,238 0CG,G6NDD
CA,23D K05,H7SZ7
CA,243-EHC,F7RX6
CA,245-UXN,O7RE4
CA,246 8CD,UUR4D
CA,248-ILT,JABRR
CA,248V,PCN8U
CA,249HXR,07GEY
CA,24F N19,NBKR1
CA,24F N19,G5A2S
CA,25-53103,H539O
CA,250OK,EGSSJ
CA,2535,WWTCD
CA,256 IBO,VBHLB
CA,256NT,SGHSP
CA,257 PHA,WC9R5
CA,257ST,NGWMP
CA,259 4CN,DD956
CA,259 SLW,JNF81
CA,259 SLW,7QVNR
CA,259-HJFF,6PD7A
CA,25FY9,XUR2X
CA,25M T30,HOKUQ
CA,25M T30,KQHF7
CA,260 BTS,2U11Z
CA,262SHR,2LRA0
CA,265 MWS,0V3IU
CA,265-QBY,NRAII
CA,265-QNF,LIRW2
CA,265L,P1C62
CA,267 TRP,9BIIU
CA,2685,7GJ51
CA,27-9572U,LVQZA
CA,27-Q017,GQA26
CA,27-Z946,SNZVZ
CA,270 6530,S6BB1
CA,270 6530,ZTY8Y
CA,271LEH,QFHUA
CA,272-SMS,7L5HP
CA,272-SMS,R3WJ5
CA,273 OFE,T3XB1
CA,2730 QD,34DA5
CA,274 1JY,NRW96
CA,274 GFB,704QC
CA,274 GFB,KPQ0M
CA,275-VAK,EW6WG
CA,277303,LLLBR
CA,278-CWX,XVOFK
CA,27UU9,ZN6NZ
CA,27X•665,LCHGN
CA,27X•665,8GSXP
CA,28-BH24,CF0AQ
CA,28-M799,8SJGW
CA,281432,2L86Q
CA,281517,MTDSY
CA,283 4BE,JX1EP
CA,285 0271,V26OY
CA,285 8UE,4EN4C
CA,286 WP8,1KGBK
CA,289 7NC,3ECWO
CA,28D N72,XFWY2
CA,28J 0099,01DR9
CA,28X V04,PDDTU
CA,28ZR4,KS373
CA,29-48469,EUC5W
CA,29-9341U,96PPN
CA,290-FBN,ZO1XW
CA,291 0410,XLIFH
CA,291-RDR,872ZA
CA,291-RDR,9XEO5
CA,296 UPV,QR8U2
CA,297 UFQ,LMAWC
CA,298 3HH,J5PFA
CA,29B•304,GUK5T
CA,29LE790,8RC7K
CA,2AG 149,703M1
CA,2AMZ 95,XLY70
CA,2B 8C9GJU,7Q0RB
CA,2BT9347,CAZPP
CA,2C I1498,EIHL9
CA,2CG 045,L1OZ2
CA,2CIY400,HEMJ9
CA,2D FG735,F3RXR
CA,2DJL130,577DF
CA,2E 4F3RMV,GBWP4
CA,2E 51023,JXFCL
CA,2E V7272,K1U9E
CA,2ELG514,59IDB
CA,2EX7612,WFI6M
CA,2EZ42,Y86VC
CA,2FZ8822,8EYYL
CA,2G390,HL26V
CA,2HDH170,0HGKQ
CA,2HJ 884,X7EMC
CA,2I B4077,HW0BX
CA,2I T7437,V3EW9
CA,2J 1885T,12UMS
CA,2JD1688,2T4JB
CA,2KB X41,ZB9H8
CA,2KV6373,EXFX5
CA,2MMC288,83541
CA,2MT3397,MWI7Q
CA,2MT3397,XRCX9
CA,2MZ3354,7G6T3
CA,2NC 131,VMW5Z
CA,2NG7133,E1UYT
CA,2NI 826,GA4M4
CA,2NL 236,EJCUK
CA,2O J5030,Q3CNR
CA,2P D4699,1RCZU
CA,2PX 237,GB1J3
CA,2Q Z7419,XLL10
CA,2QCB057,KGGZ6
CA,2QH 594,GO7CC
CA,2QN L49,UH7IA
CA,2RI 792,UPIZS
CA,2SSI023,XYXX0
CA,2SX 313,6UKHZ
CA,2T564,ZPTQF
CA,2U516,EKVQN
CA,2UM18,9L54W
CA,2UM18,ZWPAT
CA,2V TT128,XQKMB
CA,2V TT128,QK8Y5
CA,2VN N59,00JVG
CA,2VN N59,1NTYV
CA,2VPD743,WHAWN
CA,2W 8056G,502RA
CA,2WC1354,095NV
CA,2WK2870,LS990
CA,2WTU364,M7IVG
CA,2XK B72,5GLQE
CA,2Y856,V9XVQ
CA,2ZA2624,P45BL
CA,2ZI 934,NLVQW
CA,3-05456,RRNM8
CA,3-06915C,WCI0R
CA,3-08050,D6E8C
CA,3-12596,E2YXB
CA,3-23407B,DZL0Z
CA,3-4492S,GWKE5
CA,3-53591,M5AL7
CA,3-57101,8PIDX
CA,3-65116L,7J9XB
CA,3-66564,92KQS
CA,3-70184,N5LM5
CA,3-7086Q,9503W
CA,3-77418,ANYFK
CA,3-83361,8XTJ3
CA,3-8538T,NNN0B
CA,3-89699B,35LK9
CA,3-90408P,514WO
CA,3-C0884,AEGCU
CA,3-K2255,TSOEF
CA,3-K9839,NOJ23
CA,30-4432U,Y9JPE
CA,301 KFT,GYWC9
CA,302 FQG,ZQGVW
CA,302 MAJ,ZYUS4
CA,303-KDH,QMVJD
CA,304 TLG,MVNN0
CA,305 IX6,971NU
CA,305 IX6,OTJ8K
CA,305 IX6,JYP6W
CA,307 9FZ,W5H2M
CA,30E 189,00TSX
CA,30OO8,BQMU0
CA,30W UK9,UJONB
CA,30WL065,EWB5F
CA,312 DZQ,GXSDH
CA,312 FWG,T120P
CA,314-268,8TL3W
CA,314G,7LRBJ
CA,315MEJ,POVZR
CA,316AVK,UELNO
CA,318 BSU,G15P2
CA,319 AXN,Y8JU3
CA,319-XNV,U796E
CA,319-XNV,XIOBY
CA,320 ABM,65ZH1
CA,320 XPN,D22J7
CA,320-ZRQB,J4E5K
CA,323 EVR,G5Y7E
CA,323-FFI,J8RJA
CA,324 BNN,PVD8S
CA,325039,BDQIG
CA,326 UAL,70BZN
CA,326G7,1ANVE
CA,327 TCJ,GO5G5
CA,327-FFX,HA8S9
CA,327-FFX,P9NHT
CA,328CHE,THITZ
CA,328CHE,FKTNQ
CA,328EFE,YWEB8
CA,32D 8876,XA7AG
CA,32R D03,7BEPN
CA,332-SSE,FT1WE
CA,333-288,C0MXQ
CA,3365 NR,LVFTD
CA,337-XDTN,O1XUH
CA,338 DHM,HJEFN
CA,339 1024,YWW1E
CA,339-ONHW,VTQY1
CA,33D 9594,62IFY
CA,33K R41,8VT5L
CA,33L UH7,KVJ8K
CA,34-A214,GXWB8
CA,34-P286,51M9S
CA,341 4332,ZVQUJ
CA,343-VNS,P8SEF
CA,344 UVJ,18P8F
CA,344968,1I35T
CA,344FI,SM366
CA,345-YOJ,P4PYR
CA,346 NRG,B8729
CA,347 9480,GTQ8T
CA,348-HQM,N9PVI
CA,3481,4TTYC
CA,349 PDM,0DIJO
CA,34WR531,GSHNZ
CA,34Z•114,3CLR9
CA,35-05088,86QII
CA,35-A164,H8AYO
CA,353EON,0WZ0J
CA,357-282,G67SA
CA,357-LWA,O44TN
CA,357UPN,QD0E9
CA,35F 3691,SWHUZ
CA,35M•343,Z4DX6
CA,35WA269,3LXOR
CA,35WA269,OJYDL
CA,36-N850,7XQ3I
CA,36-V039,QRPSH
CA,360105,QL8YW
CA,361-FMB,3B9C7
CA,362 4975,JQAQQ
CA,367 6JY,D04DJ
CA,367 6JY,HDSR0
CA,367-851,C27FA
CA,368 ZJ9,YNSX4
CA,368XDW,AXDVR
CA,36T 0910,1V7J6
CA,36TZ807,IXDI9
CA,37-LW58,YL3KH
CA,371P,KIOH3
CA,3729 ZI,OEJ30
CA,372DKR,O9DE0
CA,374 QRN,S4U7K
CA,374FEN,EIH2J
CA,376 ZA1,L44PB
CA,377 THR,HV0E1
CA,377-XFH,VRU1Z
CA,379U7,AQCOF
CA,38-U994,O8RUE
CA,38-U994,0Y5OX
CA,380 RWT,W4C30
CA,381 1LY,82B28
CA,382 TDH,0JND3
CA,382 TDH,1WLCV
CA,384 4468,4T7M1
CA,384 EUO,0N7B6
CA,386 5DT,2XKNW
CA,386 7ZB,P2WQ8
CA,386-WAXF,IAXXE
CA,387-ZQJ,FJ63T
CA,38I W00,IAEB9
CA,38P•373,UZF35
CA,38RB642,CPQEB
CA,38RB642,S9WA1
CA,39-DW97,ETDVR
CA,390QTS,HTZ2V
CA,392 UCI,RFPMM
CA,392-DTM,0RZ60
CA,392-LRM,8W0B5
CA,395-UBC,53FDO
CA,396 UUE,VZ3J2
CA,396-GAR,CMWO8
CA,396M8,IQAC2
CA,397-GAT,7RAN5
CA,397ARL,IEKHP
CA,398 CWK,WA63M
CA,398 CWK,6U497
CA,399 MYL,13GEP
CA,3A 0J8GPD,I1UNY
CA,3AZV321,GN9XI
CA,3BI8064,53JXE
CA,3BN 239,6OBS4
CA,3C O4969,W8DMQ
CA,3DGG 59,1OSEE
CA,3DIW589,YV8YJ
CA,3DR Q83,2Q1HA
CA,3E 48518,S6L8L
CA,3ERY 10,EOC5G
CA,3FS 761,RGSVW
CA,3G 05944,Y6XVK
CA,3G E9027,N4FWV
CA,3GC 757,71QLP
CA,3HM9761,TPGBI
CA,3HW U46,VI6KZ
CA,3IGJ027,D0WYD
CA,3IR G52,20LII
CA,3IX 844,JPB85
CA,3J 3H2VIJ,UTU6N
CA,3JK 618,B7KXS
CA,3K 5X7UBT,W757R
CA,3K 5X7UBT,FK5CM
CA,3KBM 82,TE1R2
CA,3LQ N96,1LPRQ
CA,3M 8452N,6V6E2
CA,3MT 915,ZSATK
CA,3NH4089,0UM01
CA,3O E8872,0W3L0
CA,3OG6347,6SPHU
CA,3P 1Z4RPD,ZC5ND
CA,3P 3K2NZN,FYT7E
CA,3P UP993,RNMBO
CA,3P933,MFFDI
CA,3R D2386,G8JA3
CA,3T 94986,0S0Z5
CA,3U731,EIYQ8
CA,3UM 870,I1HIF
CA,3VE 934,SA423
CA,3VR 240,ETAIG
CA,3WD4125,W0V3C
CA,3YHF 68,8V9UI
CA,3YK50,V89LA
CA,3ZYV059,7XY4U
CA,4-1602L,A1O43
CA,4-4933Y,B3U9P
CA,4-71868,FM7UX
CA,4-83395,9X1QN
CA,4-92994,3POUC
CA,4-9423N,O4YMP
CA,4-B9278,0W51W
CA,4-D2960,922YJ
CA,4-J2705,GL4WH
CA,4-J2705,CW6SU
CA,4-K2058,4WJ0L
CA,4-V4347,9VNQK
CA,40-1793D,5RZTU
CA,40-77516,J6YTK
CA,401 LCS,Q8U05
CA,403478,QREX9
CA,404 3128,4QZLM
CA,406 IWL,LEYBX
CA,407-ZJG,LU1R4
CA,4081,8EO18
CA,40I PR0,290HO
CA,40T 4114,05B9D
CA,40W P88,HMH2K
CA,40YS923,62KTZ
CA,41-HD22,VI0E0
CA,410 GGN,55ML4
CA,410 QV0,0OL93
CA,411 YPO,83609
CA,412-ZMN,CM10S
CA,414 9DR,VOVQW
CA,416XGP,YN3B7
CA,419 AOR,8BLOK
CA,41R M65,8PCOD
CA,41S•825,GPVQK
CA,41T 0375,4Q0BV
CA,41X•617,0OES6
CA,42-I104,B5GOZ
CA,423 XSQ,LH8R7
CA,424-MSX,YR334
CA,425-SOR,RGXJE
CA,427 ZDI,TTWYV
CA,427 ZDI,E680N
CA,42C K29,O5HP4
CA,42L M67,R47CP
CA,42L M67,ZETNI
CA,42L M67,1T5H3
CA,43-7930R,HPAQ6
CA,432 GMX,V8GO4
CA,434 5GY,U9VZJ
CA,437 LB5,4KNP3
CA,437 LB5,H2RXT
CA,438FW,Y9ILH
CA,439-QZF,ZX4MJ
CA,43B PM9,MPLU1
CA,43Q L30,442J9
CA,44-I681,DU5GM
CA,440 2204,CINNR
CA,442 ZFP,1PUAD
CA,443 5FM,CLZXV
CA,443-QTC,0YWAS
CA,444-HVX,4AQVG
CA,446-KKJ,TNKPJ
CA,447-930,ZSF25
CA,447-FXV,5IKPN
CA,449 5AL,9319P
CA,449 RKZ,B12MN
CA,44E•207,IQ5EE
CA,45-59440,QAXK2
CA,45-6813Q,TRQ1N
CA,45-CX21,D232N
CA,450-BCJ,WD0BW
CA,452765,61083
CA,452S,LTWSR
CA,453 AQK,TA0L0
CA,455 UPJ,SN9WT
CA,457 HUW,UVN6O
CA,458 QFM,5H31M
CA,458Y,X43DW
CA,459-DCH,VN6J3
CA,459-LAM,LWBDM
CA,46-HU91,XCOZ6
CA,461-QMA,C9QGZ
CA,462 JBO,DS39Q
CA,462 OPM,2WCZ9
CA,462-TSN,J1XN6
CA,463 6OQ,EL7XG
CA,463 MBS,LWJZW
CA,463-UMM,FL0WJ
CA,464-029,7S2FY
CA,467J,K9Z5H
CA,467J,EEDN2
CA,467N,7FABV
CA,468 VJZ,WT0WS
CA,468 VJZ,QZ4A1
CA,468-NUN,W90RP
CA,46D Q95,8VAKE
CA,46D Q95,0GU8D
CA,46D Q95,KKB92
CA,46O I64,LYKT0
CA,46P W46,7NU74
CA,46PJ6,87BD5
CA,46U•501,OA7TD
CA,470 GFO,ZKR52
CA,470 GFO,2K1O2
CA,471 MQN,G7YNW
CA,4728 CU,6OQLM
CA,4728 CU,040OW
CA,475 3WW,8A1CK
CA,476 WZB,J31DX
CA,479-TTA,JUMN1
CA,479-YCEW,RGCHT
CA,47M•101,BRACZ
CA,48-11562,ID6IP
CA,48-GB76,7XD84
CA,480 3482,V94D2
CA,480 QTS,X3TFL
CA,480-NMB,GZRSA
CA,481TB,LPO97
CA,482 GFD,NPC67
CA,483 USK,3MBWB
CA,483-BAM,GA1OS
CA,4837,A1O75
CA,483UGA,FECS9
CA,484CU,UN1E7
CA,485-LWB,6MAL7
CA,486 DAU,F1AJZ
CA,486 TRK,HZR0T
CA,487K,EYN2Q
CA,48A W79,VO25O
CA,48P QD3,X0N0D
CA,49-TC71,XH9PS
CA,4918 UO,4EDFS
CA,493DOW,N3K46
CA,494 LOC,VICMO
CA,4960,YKUG6
CA,4964,UZ98R
CA,499E1,PE3XO
CA,49DO8,65ASV
CA,49HJ328,7RR7Z
CA,49K 967,IMT18
CA,4B 91212,26LV3
CA,4C 2Z0WUS,D00ZW
CA,4C 2Z0WUS,IJRXY
CA,4CU19,O7AB6
CA,4DCL989,LP6GT
CA,4EO69,1SQ2K
CA,4EP 150,GJIYE
CA,4FF6381,9UNI5
CA,4FNW 98,KDTLJ
CA,4G 11689,CM4PZ
CA,4GI 444,WCLDF
CA,4HBI797,MFCL7
CA,4I 1P1WOG,AWCA1
CA,4I208,XGIEI
CA,4I438,YFB2P
CA,4JN2790,CFGLH
CA,4JW 406,Q69AZ
CA,4JXM928,QJSUP
CA,4KIP 66,VP56C
CA,4KJ09,SS2K5
CA,4KP9962,SKCAX
CA,4L 49677,W13UJ
CA,4L KI654,XFXV4
CA,4L KI654,V3IKV
CA,4LP8731,2Y183
CA,4N VJ858,SFFVY
CA,4N003,BEA5S
CA,4NP3196,O4HJJ
CA,4O954,OXGSR
CA,4OC 331,TKQ2Y
CA,4QD I15,8ZN1Y
CA,4QK 364,EPYCX
CA,4RU 049,L7ZTE
CA,4T 0026F,MPL6N
CA,4T 7N1FYK,FC812
CA,4UK0956,POPHB
CA,4UL6174,O8DJC
CA,4VF K08,AD00P
CA,4W 2I0FJB,IFHTX
CA,4WMV648,R6M1Q
CA,4WP 418,CD2LL
CA,4WP 418,RSU9A
CA,4WY97,OENCV
CA,4WY97,EDPIC
CA,4X879,P5Q44
CA,4Y 0916Z,75CLD
CA,4YO39,UY77F
CA,4Z 03743,VW2PP
CA,4ZI96,LFVWA
CA,4ZN 934,4ET2B
CA,4ZW3765,HD2FZ
CA,5-1210S,SDG2W
CA,5-1285I,YSXI6
CA,5-3418S,OMVG8
CA,5-40561O,YEZ0K
CA,5-41553O,26J56
CA,5-4357S,PE5K0
CA,5-4390K,AD0PH
CA,5-81377,G55Z4
CA,5-93309,KRLJ1
CA,5-E2842,HEA27
CA,5-E5006,FCPXJ
CA,5-E7239,QUXXW
CA,5-S6204,BECT8
CA,5-X4133,MH5MG
CA,50-1130Y,XQ4LX
CA,50-8231G,IMKT6
CA,500-IQB,HE8DN
CA,501-590,BDCD2
CA,503MI,M3UCL
CA,504 XTM,9J1N4
CA,504 XTM,RV7ST
CA,504-LAD,3BLAP
CA,505-ZZF,2UAZO
CA,506 6PN,5USP8
CA,506 6PN,3PNJ8
CA,5064,AZJ9T
CA,507 RSL,XMYZQ
CA,507 ZUL,TOC4X
CA,507-192,2TTAI
CA,507-LCT,4RQZU
CA,507-RJM,NX0N0
CA,507-XEUP,9I4E7
CA,507TD,AQDP7
CA,508-ZCU,7XIXI
CA,509 XWZ,QGSAJ
CA,509-698,TY350
CA,509-LSI,PKNHM
CA,50A 3785,N25QC
CA,51-XH80,JUV9N
CA,51-Y154,FFZ5Z
CA,510 WQC,QIEB1
CA,513-PPZ,NLM7A
CA,514 BHJ,YSM72
CA,516-CKAH,5EH2T
CA,517 3SV,JM59A
CA,517 3SV,KUGE3
CA,517 IJE,BKTHN
CA,5179 MF,9NAI3
CA,519-GZA,YTS8S
CA,519PY,OMOOT
CA,51D 7968,YV4MF
CA,51J TY7,SK7MK
CA,52-6690F,OE4HV
CA,521 VE7,UR94R
CA,521QMO,KGXJR
CA,522-ZGQ,GFN5S
CA,523 KTS,GMY93
CA,525WWE,OLB76
CA,526 ORF,ZHL7U
CA,526-PTPW,MQD30
CA,527-LZX,9CS1N
CA,527N5,KO697
CA,52P•825,X9RSS
CA,52P•825,NR6GW
CA,52ZB132,DS8MH
CA,53-01936,WW5A1
CA,53-5127V,I0534
CA,53-57600,OI7AP
CA,53-57600,LDCXZ
CA,530-438,BSFJO
CA,530-PYT,LKXPT
CA,531 YOQ,5WEUD
CA,531-973,HKOS5
CA,531-973,DUDPC
CA,5352 PQ,RPFWJ
CA,537 XMF,KYDVM
CA,538 YK8,F7AMP
CA,539-UCK,175A0
CA,53F•803,ET310
CA,53L 6585,HXNH8
CA,53O 9865,FE7Q8
CA,53Q V05,PLLM6
CA,53Q V05,JXM68
CA,53Z 848,O15SU
CA,54-61032,CYC7T
CA,54-HE62,JADU1
CA,543 3017,52D2G
CA,543-CZJ,D9380
CA,544 4PX,LWN92
CA,549 PFA,YWY6C
CA,54Q•390,0R1KZ
CA,55-7760N,GTO8F
CA,55-F869,EC83O
CA,551 9DP,S4W44
CA,551-CWE,F4RI9
CA,555 ACK,J4GFK
CA,555 XCG,6WO13
CA,555 XCG,GL9YG
CA,555-BIY,4HK7W
CA,557 YVQ,YBVC0
CA,558 GRV,NVI8B
CA,559-XBM,5QIKU
CA,55F 0844,H6SVE
CA,55HM131,6EZPU
CA,55O T04,2C3OT
CA,56-UI51,H4UJ3
CA,560 EYZ,Z1FZR
CA,560 EYZ,YRBKY
CA,560 EYZ,VAVGS
CA,5629,Q3GD0
CA,563-PGG,9KYMZ
CA,564-PEB,OIEE8
CA,566-INE,W45TJ
CA,566-IXV,2CZTS
CA,566-IXV,7D3YA
CA,569-KKM,YSOY2
CA,57-2078L,9H6VV
CA,57-2078L,DE4NG
CA,570F8,B217J
CA,571-878,PZSUM
CA,571RV,VMSXU
CA,572 0HF,71W82
CA,577-FNY,CHAIU
CA,5770 DE,DTYPO
CA,578 SJX,8AVDV
CA,578FNH,48KT2
CA,579-EVY,EGXWH
CA,5796 JF,0J83R
CA,57K DQ4,AY82D
CA,57K DQ4,RGDQL
CA,580 PIK,PFAHC
CA,580-AMX,8V9QJ
CA,582 6653,TF7NS
CA,582 KIS,JDG3M
CA,582 LQL,T3GOD
CA,582-USD,IVAK8
CA,587 MHU,A44F9
CA,589LZ,GD2TY
CA,58G•925,VI2VN
CA,58J PV8,2QZJE
CA,58LK2,6P5ML
CA,59-DZ85,0434T
CA,590 8271,QZP77
CA,590 QYH,01D4U
CA,590 QYH,47VX3
CA,590928,JZ15D
CA,591 GTU,0LH8Q
CA,591-ETF,IRSEU
CA,593-138,2MCKK
CA,593-799,W3R67
CA,593-799,QEJLS
CA,595-WHR,DZ509
CA,5958,0EFML
CA,5958,QDQ4N
CA,596 FRZ,6JLXT
CA,599 UMQ,UAX0N
CA,599-LKS,RUVQL
CA,59B 3989,LWNBX
CA,59B 3989,OEI9H
CA,59B•132,U7JB0
CA,59W 3059,TIS00
CA,5AD E05,KWI5A
CA,5AD E05,2TELE
CA,5BBW 20,FOR6R
CA,5C 2B5GYF,TPKLY
CA,5CF 589,0EF7R
CA,5CX4837,UAE5X
CA,5D E8505,W8RJG
CA,5DQ 947,0RD22
CA,5EP F02,A81MX
CA,5F E7240,K5FQG
CA,5F259,ZUB3A
CA,5FED536,8EJ4I
CA,5FT50,ALQG3
CA,5FT50,O3X1P
CA,5G LK417,7J3DO
CA,5G P4694,LDJBW
CA,5HF G15,XELDI
CA,5HK04,LPT1R
CA,5HX 658,NUPF8
CA,5I152,M4A8H
CA,5JTI870,DROE2
CA,5JYL693,J7FHI
CA,5KAT 87,49RM2
CA,5KT 613,N4U35
CA,5KY6958,GZ3C9
CA,5L WW583,V4ZVB
CA,5LQ 700,H89WP
CA,5MA 642,D9XPV
CA,5MD 042,IIN44
CA,5MR 216,WZNB4
CA,5N L6349,MB6UJ
CA,5ND 884,7BDBG
CA,5O 5947D,GLYU4
CA,5OB 149,WEHL2
CA,5OB 149,H0Q3F
CA,5P M2889,W8PNY
CA,5PF 168,RLGYN
CA,5Q E8987,JUGDD
CA,5Q772,9KZ8T
CA,5QE W39,2KYNQ
CA,5QE W39,IR78C
CA,5QK 447,31BAD
CA,5QT L67,1BGYE
CA,5RD1829,FG0D1
CA,5RH 632,49WB9
CA,5S 1Q2DHK,4JBB7
CA,5TE5989,H3SGN
CA,5TU2486,7NH4D
CA,5TU2486,F6G59
CA,5U 5E6OHW,RB76Z
CA,5UA5339,KPHBH
CA,5ULI 47,AYRAT
CA,5UYJ 36,4DASN
CA,5V 18498,5JXC0
CA,5WS L05,DQXGI
CA,5X 0054L,XWMPE
CA,5X 0054L,LI1MW
CA,5XQ 514,PZ7ZG
CA,5XS 273,O2UKX
CA,5Y 2V8ENJ,F6HZW
CA,5Y 6421D,1YREC
CA,5YG28,4Y6OV
CA,6-0248I,OVHHA
CA,6-19817,GNACF
CA,6-19817,55KBC
CA,6-2148Q,41FOW
CA,6-2148Q,7AWU1
CA,6-3548S,O1CRE
CA,6-42218,TRAN0
CA,6-48293I,B3EMI
CA,6-5412W,XM645
CA,6-55998Y,FG43O
CA,6-63089,LSJVD
CA,6-63097Q,HY7B2
CA,6-66145P,7MVX1
CA,6-76184,0BKHG
CA,6-86622,9TPRV
CA,6-C5330,TCUPO
CA,6-D2106,WZHBO
CA,6-F6927,71F3I
CA,6-H1269,666G7
CA,600 FQD,WYI4Y
CA,600MC,0VH2H
CA,601 UJG,5UW25
CA,601-510,DRV2O
CA,601-TNR,5MDZ2
CA,601-TNR,OG48T
CA,6038,VMEXG
CA,604848,9YCKV
CA,606-XKN,8GTD0
CA,606798,HBLJU
CA,608 CW7,XP17V
CA,608 OH0,FSTOP
CA,60C V98,IHHKU
CA,60C V98,JLJ48
CA,60E OM3,4ZT9L
CA,60N V71,A1B4D
CA,60V W99,UP2QY
CA,60X 367,JAJPL
CA,61-28857,9UYON
CA,61-72088,6LWQA
CA,61-O590,R4A1B
CA,610-EQP,PXA1F
CA,613G,EA882
CA,614-QDJI,QQD3A
CA,615-GSY,RACZK
CA,618-QYQ,AXES5
CA,619 6BO,QNBDK
CA,61Z•627,6AMX3
CA,62-4199T,24MWV
CA,623 POP,T9K52
CA,626-LFU,KTIAE
CA,626316,4XWUE
CA,627 NKV,VL5MR
CA,629-PUD,BBOCM
CA,62G XK4,H7LHT
CA,62J 891,ROYJG
CA,62M•169,04H5M
CA,62N•385,WAKHM
CA,62RA9,3S3RA
CA,63-B651,3Z8YM
CA,63-BI68,58JA4
CA,63-F300,5KRVC
CA,632 NAO,02RAM
CA,632A,43IV1
CA,632A,YUBHL
CA,637 1LK,O17EK
CA,6389 KG,8FPQT
CA,63K VV6,XD1EN
CA,63MD5,5ZW1N
CA,63S•926,HMAL6
CA,63U 109,WGNWL
CA,64-6748W,C61JO
CA,64-TN54,QJYHO
CA,64-XA61,XV02X
CA,641-GQN,LG0NT
CA,642-DIA,H3O1X
CA,643 JKS,PDBFR
CA,643-914,E4F68
CA,6468 XU,0EZZX
CA,647 BP9,O1AKX
CA,648-GLU,VO36E
CA,65-UE96,CSZGS
CA,650 8PX,E7URY
CA,655 ONK,CFRC5
CA,656 RUT,25O2S
CA,657 WHS,PAK28
CA,658 VJQ,CPMZO
CA,658 VJQ,NLFNM
CA,658-QIQI,JST9C
CA,659 ZBR,0IYW8
CA,659LFL,4NBXO
CA,65A 5808,Q7OEE
CA,65S JB1,057TU
CA,66-40627,P0IBQ
CA,661858,T8S3S
CA,662Y1,XVAT2
CA,663 BJF,R39N8
CA,663 KFC,XFDQ5
CA,663-EDF,G8P5M
CA,664RI,1C8ZG
CA,665-KGI,H4L7C
CA,665-KGI,8T1L1
CA,666 FSW,SW0TB
CA,666-YCSQ,ZDFEO
CA,667 WLA,V3QGW
CA,668ELZ,DDU47
CA,668LHV,AIS2H
CA,66Z•367,WCDKV
CA,67-N061,5LZI1
CA,6702 MF,GABJ1
CA,672 1OL,6YJBM
CA,674-CMQ,I3NZB
CA,675 MGM,8A3A4
CA,675-XPK,Y92HB
CA,678ZJG,IYQ2K
CA,679 YBI,RH1BP
CA,679-EPO,9ZT0Z
CA,67I P99,B5YXZ
CA,68-36120,DW6QB
CA,68-43177,R3RX5
CA,680439,R8U5W
CA,682 REZ,Q30KZ
CA,688 BJR,XAQHA
CA,689F,0XLAS
CA,68N 508,7ZEZ2
CA,68YU6,2P9L4
CA,69-K326,YFH64
CA,690NI,V9FPI
CA,691N9,YZNCV
CA,691Y,WJH3T
CA,693 9606,2BZ1L
CA,693 JMG,JN0LG
CA,693V,8120Q
CA,695-VNVI,GU88F
CA,695EFG,K3DOV
CA,696WAX,F4PVA
CA,697 UDI,EHDIC
CA,698-LSI,KT74V
CA,6A 4J5CKG,SFWTU
CA,6A XF123,91SGB
CA,6BE 603,LR13U
CA,6BI 786,GMDWV
CA,6C 5D1HDP,31558
CA,6C122,B8WJY
CA,6DQ 314,15J08
CA,6DU 245,F02J5
CA,6DU 245,PS63F
CA,6E 7599P,QDZT3
CA,6E YR786,3OAK6
CA,6EL T62,CAKJ0
CA,6EX02,PDD6Z
CA,6F 5F2LJF,OQWJM
CA,6F B6879,JR302
CA,6FU H88,R73WT
CA,6FW4538,1PIBE
CA,6GD4718,ZTMRS
CA,6GU B19,4PDS8
CA,6H226,P24HF
CA,6H226,L5CR5
CA,6HD H88,VHW3D
CA,6HD H88,M5K96
CA,6I PJ287,NP78L
CA,6IJ0673,W0EUV
CA,6JF 084,L26CY
CA,6JF 084,5Y6S7
CA,6K 2P9QDW,JWUY2
CA,6KS 394,7XN14
CA,6KW G73,XC77Q
CA,6L486,JBJWZ
CA,6M 68541,MVYKR
CA,6O597,3KPKZ
CA,6OK4618,JWPO7
CA,6P IB051,FGYNW
CA,6P NI149,QWWXZ
CA,6Q 3686R,3UN1N
CA,6Q 37549,HLVF2
CA,6Q 4J4OGP,A3OCM
CA,6QG D57,017IR
CA,6RQ 820,3MOBZ
CA,6RW 307,2WA1R
CA,6S 6U2JQI,GA48D
CA,6SW F70,FCJ0R
CA,6U 26661,M8VJJ
CA,6U 26661,07EBM
CA,6U Y2072,RXMW8
CA,6VW8638,OVU9W
CA,6W KV960,Z11ZC
CA,6WW17,SRIKT
CA,6Y 0497S,Y1UIZ
CA,6Y 0497S,4XOWN
CA,6YW 652,BEQYB
CA,6Z 3600J,W0UXZ
CA,6ZS52,25B2N
CA,7-42891K,P4VT3
CA,7-7102W,IXTJ9
CA,7-73912C,QNG3F
CA,7-81774H,C0Y7M
CA,7-93634,TPV7J
CA,7-L4455,GM28S
CA,7-O3328,O8M8T
CA,70-2599P,7XSZH
CA,702-AJV,LV2OV
CA,702-AJV,QQOOT
CA,702-IAZ,712UH
CA,703CEV,G331I
CA,706-COA,L5GGP
CA,706-COA,L06D7
CA,707 AXF,WKRDR
CA,707 AXF,46N7F
CA,707-HLO,WQVIQ
CA,707152,IIKU8
CA,708-CKR,UCYS8
CA,709 8DF,GD17A
CA,709 GW1,TTGZ0
CA,709 GW1,QCUKR
CA,709-MVC,9LBXW
CA,709-YCB,JU71T
CA,709-YDY,JA8TY
CA,70C 242,Z7N63
CA,70H 951,8R8K5
CA,70U Y71,2885Q
CA,70X P30,XR2HK
CA,71-0770P,84NYO
CA,710 YGP,IY8QL
CA,710-XIH,O139N
CA,712 GGC,Z1TRU
CA,712 GGC,1MK7U
CA,714 UFY,0DT9P
CA,714 VVW,XBLFM
CA,714 ZYM,1GKXA
CA,714 ZYM,9NSVA
CA,714Y7,3AW1V
CA,715 FI4,22OUO
CA,717-YEW,2F3UF
CA,718-298,HISFM
CA,719 HSF,8UWNK
CA,719 HSF,993FC
CA,71L H81,0MQFH
CA,71R AH8,5ZXST
CA,71Z N13,0ZML0
CA,72-E544,XJUVO
CA,72-E544,I47UW
CA,72-O661,41PYI
CA,721F,PLJ5Q
CA,721R,R1JUJ
CA,722S,A1K8L
CA,723499,GTMVH
CA,724 FI3,HXAOZ
CA,724 FI3,UWT66
CA,724XHF,73X9S
CA,725 4JQ,NH2ZF
CA,725 WKR,HNWSK
CA,725 WKR,9MPOY
CA,726 2232,FFQ4J
CA,726 2HS,70OTS
CA,726 2HS,ZUVG4
CA,729 OOM,9Z0B3
CA,73-54039,EER7P
CA,73-A193,92GJB
CA,730 IWM,VZ4EC
CA,730 IWM,LND96
CA,730 QPY,JFMU0
CA,734 GLG,VDCQO
CA,734 QYW,4K0EA
CA,739P,7KIEI
CA,73K 1881,WFNU3
CA,73W T69,CWWDE
CA,74-7054O,MJJXH
CA,74-J397,Y2GAR
CA,74-U841,FFO0T
CA,74-U963,M26UD
CA,740 TVD,KYHPH
CA,740-OEW,MX4GO
CA,741 1KL,0Y5HN
CA,743 BTU,RAWXO
CA,744 8616,MJRXX
CA,744 DPV,VW0EX
CA,744 SUC,Z33QO
CA,744-PMM,6S9C5
CA,749-DTQ,OBZ04
CA,749-RJL,EYSE7
CA,74BT162,9VY80
CA,74D 980,9GLOV
CA,74F 4966,6491X
CA,74RR680,7QRO1
CA,74S S80,HJQ70
CA,75-D025,VGUD2
CA,750 GIT,YEEDV
CA,750 GIT,QS4UL
CA,751 RKK,59WZB
CA,751-563,IMXGC
CA,752 EG7,DW2AJ
CA,752 INM,MDV9A
CA,752H4,FWO6J
CA,752R,KPZII
CA,753-KYF,KK689
CA,754-ICP,CE7DZ
CA,754L0,K85P4
CA,755 3NH,M717J
CA,756 HQ4,D4ZJJ
CA,758-NQQ,XGTMQ
CA,759 ACO,MS6CK
CA,75UG507,P8ST1
CA,760-BYT,UR0OZ
CA,760379,KN9QC
CA,762-QMTT,KE859
CA,7628 LY,SD33I
CA,765 HAO,XSE5T
CA,765 HDS,P4K7B
CA,765 IUJ,A4KEH
CA,767 VRH,DPZ1Y
CA,767-805,GO41U
CA,768CA,C6YYV
CA,76DB0,F36CZ
CA,76L K23,BBR4R
CA,76X 6508,3CQPI
CA,76Z 6344,SZ4HO
CA,771 QZH,KVENC
CA,774-QKJ,YGHX3
CA,775 QEU,7YW12
CA,776 8QE,P88X5
CA,776REZ,O8WX1
CA,779 HPG,GPIMB
CA,77C Q46,I93YQ
CA,77GS300,XN8HO
CA,78-3102T,39NDD
CA,78-3829F,V8SLN
CA,78-75865,V35TG
CA,78-U424,WYMU6
CA,781 XSC,1DZEO
CA,783 8EK,UKPH3
CA,783 8EK,UTUO8
CA,784-WRT,SW86Z
CA,784-WRT,QADNH
CA,787 EIV,JLMJU
CA,788 JSH,EVM16
CA,788 TOK,WC4ZQ
CA,789 6RL,0W0QF
CA,78T I83,E4SA1
CA,79-0033J,MCG52
CA,790-TQD,BTVTB
CA,7901 CM,WMHJU
CA,792 BZ8,Y5B0M
CA,792 GAA,LX46K
CA,793-UBN,18CPE
CA,794 PHS,P3JMP
CA,794-GQOY,6C3RA
CA,795 IIG,0GW2Q
CA,797-MVNS,6EKZB
CA,798-683,DGJ4U
CA,79C 091,AFJVP
CA,79F E73,I5IEP
CA,79U 1559,G09UF
CA,7A334,EBDHF
CA,7AL9434,X0CX0
CA,7BE G01,EVXYT
CA,7BG59,G6QCY
CA,7BG59,7ZAUC
CA,7BI0815,UP4QM
CA,7BI0815,FC4PE
CA,7D 89460,QM4CN
CA,7E 86223,WUPZR
CA,7EC 896,SAG9L
CA,7EKD463,YHX9I
CA,7EL1224,89RZ8
CA,7EM N21,LKAQP
CA,7ET8944,K6F2O
CA,7FB71,ZTF99
CA,7FU1479,0WZH2
CA,7FU1479,SJQL5
CA,7G QL881,ZAH6Q
CA,7GK 890,RJXJC
CA,7HU9439,9SN4Q
CA,7HZK547,EQGP7
CA,7IU2138,P3D2M
CA,7J G2061,JT7E2
CA,7JL37,BD8T1
CA,7K 6814I,YN31W
CA,7K 6814I,28VPJ
CA,7K C5412,96DLQ
CA,7K Z6831,RUVRX
CA,7KU97,Q8VC1
CA,7KX3179,BGF4D
CA,7LH I08,ZHTQ8
CA,7LH I08,5OJHN
CA,7MY 350,Q65OK
CA,7N 4065W,31OTD
CA,7O 37410,ETC9P
CA,7PB G33,UGK0A
CA,7PL 765,VU52C
CA,7PMO 85,NIJSZ
CA,7Q970,7UWVK
CA,7Q970,IHDYM
CA,7QTL 21,1EW89
CA,7RCV010,920AI
CA,7RCV010,WJP0U
CA,7RCV010,X33OM
CA,7RP2232,ZF6YW
CA,7S M1423,20XA0
CA,7S M1423,B1ZPP
CA,7T X1509,2UBCO
CA,7T434,O4WTK
CA,7TV 749,LEMK2
CA,7TW Y73,FGPYI
CA,7U 4K3ZIN,479GS
CA,7U897,82QSD
CA,7U897,PAYC9
CA,7UC56,P8AWO
CA,7UDM 68,OZP2E
CA,7V W2799,3TGP4
CA,7VH9031,GWHGE
CA,7VUG 46,4TRVX
CA,7W773,2KFTE
CA,7WQ5707,0W6WO
CA,7XB38,JAJ85
CA,7Y658,I6EPS
CA,7YE8969,CJ9UL
CA,7YJ6588,IZ1U0
CA,7YK A62,7KIHE
CA,7YP0476,3ROM7
CA,7YV 782,NHW5W
CA,7Z O5465,UMG06
CA,7Z010,YO3ED
CA,7ZO 615,0PST2
CA,8-0836T,QJLGQ
CA,8-14260,FQ1XM
CA,8-14979U,NUB5O
CA,8-1865X,LIFD0
CA,8-20586,UP5LK
CA,8-20586,RQ6FT
CA,8-20586,X4ORP
CA,8-20586,SX8CZ
CA,8-2551A,SFTS9
CA,8-38245,Y35K7
CA,8-8222X,QJAKL
CA,8-84933C,6ZJBP
CA,8-88964I,DZA2N
CA,8-89109,CALWH
CA,8-R9331,R474F
CA,800 9CK,FJUT4
CA,800STN,2GXJ7
CA,803 3242,YW4UI
CA,803 YUC,J4GB6
CA,804 3RM,RXYSA
CA,804 7JU,ADKOK
CA,804 TUJ,0TFDB
CA,805 RPJ,M73C3
CA,805 SHK,P18AO
CA,805 VQF,AR01U
CA,805-KMF,TP26K
CA,805-KMF,O82X9
CA,806 8EM,3RSXW
CA,807-UEA,DMR7G
CA,80C 402,A7X08
CA,80G 3969,72KWB
CA,80W•998,T6YDW
CA,81-44614,7DLS5
CA,81-BP32,C4FE1
CA,810-XGHT,C93P4
CA,810XT,QKJZ6
CA,811-JBB,WPIO3
CA,811-JBB,HOX28
CA,811-QAL,BV1KQ
CA,811-WLB,WJ0IX
CA,811R,HTTXL
CA,814-WJW,M1GIG
CA,814508,1E6Q8
CA,815 0HJ,1CELO
CA,815H,51L8R
CA,816-CDK,Z7603
CA,818-FSAZ,46VF8
CA,81B•654,6SCYS
CA,81C B86,FEFH4
CA,81E 7316,3GKGW
CA,81MG198,8YNMD
CA,81R M84,4AHSE
CA,81Z I39,FLY0Q
CA,820 2TS,QP1HY
CA,821-ZMC,B5NU1
CA,821-ZMC,M6HBZ
CA,822-FJZ,IWTRH
CA,822-FJZ,0MAO4
CA,822AVF,IYPRV
CA,826 WAO,PZWJR
CA,826-RLD,7B3TW
CA,827 4976,I3MNH
CA,829 2HE,X1STD
CA,83-3208H,SJIR7
CA,83-4497S,GKENP
CA,831 SZG,9KD2Q
CA,833 LJI,RJ1C1
CA,833 XHW,FXHZS
CA,833 XHW,MX6EH
CA,837 LLI,8YR3Y
CA,837L9,3MODL
CA,838-BPJ,CRFG5
CA,83E S96,WNZNC
CA,83E•315,WULMI
CA,83F•733,73JIK
CA,83T S22,72AVO
CA,84-U338,22F9J
CA,8406,USOFP
CA,843 CEL,QS7PJ
CA,843B,777GI
CA,844 XDQ,WJNCS
CA,848 9553,FGXTB
CA,848 TKT,P66S5
CA,849OH,GS88G
CA,84E 883,Y4L3G
CA,84E 883,3IH73
CA,84GZ201,0JKLY
CA,84S•784,LT4PL
CA,84X•042,B1EWB
CA,85-50786,QA55Z
CA,850QQI,9Z7Q2
CA,851-ZRM,97OQ0
CA,853-ROS,QITXX
CA,856 OQT,9R28N
CA,857 FZP,ZGGFC
CA,857776,KI8PP
CA,858299,AGFK1
CA,858WJA,XMD9P
CA,85ET941,0G8M4
CA,85NK017,OMW9W
CA,85V MH9,MKSB1
CA,86-95270,RIB2M
CA,86-XT31,4XYXV
CA,860 RJM,4B8ET
CA,860B,BI6TT
CA,861 LDR,HOVPF
CA,861P4,LJ0K5
CA,861P4,H52G5
CA,861P4,3CNBY
CA,862 5589,XAOOW
CA,862 AMQ,NUQKP
CA,863-WMS,W25RL
CA,864J6,IVRAE
CA,865 TVF,F2ET7
CA,8671 LI,S2OET
CA,86P•729,GWRR0
CA,87-4763U,ZNMA6
CA,87-4763U,U9H4E
CA,87-7905A,ZXX91
CA,871D2,PH6FC
CA,872 4OK,370YT
CA,872 VRR,7YLB1
CA,872-ERU,QNZJQ
CA,873 0AH,IP4DN
CA,873 IXL,UV1TM
CA,874 ALO,VWLZ7
CA,875-JTX,7K6GM
CA,875-QTF,43RSU
CA,8759 IU,6KL6G
CA,877-VUK,D705F
CA,877-VUK,AF94P
CA,879570,5EI5S
CA,87ME150,9BDKS
CA,88-SS44,I1XAC
CA,880 OAV,OQ5RC
CA,880Q,8KAEN
CA,881 KYX,4CD2W
CA,881-WQF,5EWGD
CA,882 7TV,JWT9H
CA,887 2EO,QJD0R
CA,888 EPS,9ZU8C
CA,889 9069,XY8RB
CA,8890,TCV0X
CA,8890,Y7HFY
CA,88P M54,PMM8W
CA,88Y 0615,NF94L
CA,89-9512U,FYMMP
CA,890LWZ,4KQW0
CA,890LWZ,KOH7Y
CA,891 KBW,TL9BU
CA,891-QMB,58Z4Y
CA,891NKX,53R1S
CA,893 0394,0IQPW
CA,895-QQO,C5696
CA,896 OXT,7L6YL
CA,897I,8WQC4
CA,898 MMO,63IPE
CA,89AI488,5Y8UH
CA,89Q U93,SKUNO
CA,89S•442,D6T5G
CA,89T 431,KD97D
CA,8AM 851,PXCTR
CA,8AN Z81,X6GRG
CA,8BH72,LM1AI
CA,8CG8725,U7BF3
CA,8CW 403,B1WNM
CA,8DG4763,JM6JW
CA,8DX M77,MO8VN
CA,8EE B65,HS6UU
CA,8FK6725,EU4VM
CA,8GHG 58,4Z156
CA,8H S6397,YN8AO
CA,8I 23401,7A988
CA,8J M2131,K10WI
CA,8K 0L6YIJ,Z3TH1
CA,8K 34803,1JLZH
CA,8KK3033,I6LNW
CA,8LJ 659,S240N
CA,8M 0207X,QVBS0
CA,8MKB 34,PDQKA
CA,8N 46876,7A87O
CA,8NTC 72,PEHJ7
CA,8NYS 73,73BO4
CA,8OH 799,ACRTE
CA,8OT 364,SPNQL
CA,8P 1545C,THMZ7
CA,8PX T94,B34UX
CA,8PX T94,UF2QM
CA,8QD D17,IUIYZ
CA,8QF 066,AD5AR
CA,8R FU108,BVNDW
CA,8R FU108,QW2XN
CA,8R OH563,BQNPH
CA,8RR O06,LHUHG
CA,8S412,I29NW
CA,8SC2109,7KS92
CA,8STN 74,5XKEO
CA,8SX 991,RYXD3
CA,8SY4629,DSWCB
CA,8T OD001,YSKJW
CA,8TI8531,3DHF8
CA,8V EL363,ENA0D
CA,8V EL363,Q4O62
CA,8V X0772,OGM62
CA,8VC4691,JC89U
CA,8VI 711,W6MRS
CA,8WZJ 72,9XIZV
CA,8XF 328,DJLLM
CA,8XF 328,A5EGY
CA,8Y 67921,FPEXT
CA,8YR G21,U272F
CA,8YR G21,90YA6
CA,8Z 7P3GRZ,FGBRE
CA,9-0111M,TAV2I
CA,9-20296D,BZ3B1
CA,9-22970Y,GUR55
CA,9-22970Y,P1S6R
CA,9-24734,SHPXV
CA,9-3706G,00JYL
CA,9-4163U,PX13L
CA,9-47489L,G49Q9
CA,9-65760,NAPZ4
CA,9-83678,AHGTU
CA,9-84684,XORXN
CA,9-G4649,4IOJU
CA,9-K8872,PDKZD
CA,9-N2187,16YH6
CA,902 ZDZ,ZUDRE
CA,902 ZJD,YLGKV
CA,908-EMC,7SNQY
CA,908-IFH,OPO56
CA,90AN901,90Q3W
CA,90GR0,65QTR
CA,91-7401J,3U2HO
CA,9146 BO,BZ6AV
CA,914AL,INYP0
CA,914QPU,8UQR4
CA,914YHY,RAMRV
CA,916 MAF,JFF7U
CA,916-YLZ,0DDBE
CA,917 CDE,1DWLQ
CA,918 SDT,2D5XE
CA,919 DTS,D0PPW
CA,919 ORL,TZJTD
CA,91A•214,H8RBD
CA,91OI8,JSM8J
CA,921 KUQ,EP61A
CA,922WDU,8G763
CA,922WDU,GV2I8
CA,923-587,RGCN5
CA,925 NDD,1TMXQ
CA,926-WEN,QFLCU
CA,927K6,PUHD9
CA,929 QCH,3HOJ1
CA,929YNB,3XZ0G
CA,92S 1746,4RKFU
CA,93-O906,75GRU
CA,930SPC,E4TYP
CA,931MEP,UPCO4
CA,933 AHB,1CGPG
CA,9348 CB,24M0A
CA,935 5235,OHF8G
CA,936 GRK,6E25L
CA,936 GRK,P479O
CA,937 7ZC,YYWES
CA,938-DBB,29VDL
CA,93I FC7,1OKWE
CA,93I S89,HGH3B
CA,93I S89,8Y0Q1
CA,93I S89,WETX0
CA,93O G16,PQSG3
CA,93OL999,9BPAF
CA,93S N25,20BWZ
CA,93X 3131,5QO89
CA,93X•264,TXYVV
CA,942 OAT,QZH67
CA,946 QJL,PVYGF
CA,946 RAK,SNXG1
CA,946 RAK,5K9WH
CA,946-HJN,HXKUN
CA,946-MEU,YKRH4
CA,949 SCJ,ZTN0U
CA,95-7659Z,HE8MH
CA,95-7659Z,JC6HH
CA,95-Q069,SDJ8A
CA,952731,QZTYG
CA,953-VFR,E56W6
CA,954 PEX,P4BBU
CA,954 ZZG,GAKAL
CA,954 ZZG,PETYC
CA,954 ZZG,EOIN9
CA,956GAW,M0O6L
CA,957 TSY,O1ZA2
CA,95A 331,OD7BR
CA,95O•187,R9YLM
CA,95WA0,3VXYM
CA,96-4658N,ADAML
CA,960 3KL,NCSBY
CA,960CI,H2DH5
CA,960CI,9C83F
CA,960CI,3W0LL
CA,962057,HZ7V1
CA,965 XYZ,EHV7O
CA,966-HNY,MJ9L2
CA,967 QCF,66YXI
CA,967 QCF,3D0PV
CA,967-JAG,RF32C
CA,967GGQ,ZV95X
CA,968-ATS,K5365
CA,968BOD,OHZJ1
CA,968N2,AJ0IS
CA,96U SS6,6WTJ2
CA,96Y OJ5,050KU
CA,973 1BG,VZ52I
CA,973 RUO,J5TM9
CA,9739,VNTPS
CA,976 TZQ,QY0AQ
CA,9764 IO,1T88F
CA,9782 CG,1RD9W
CA,9782 CG,FBB4P
CA,97MS2,ANJMP
CA,98-92700,2ZO9T
CA,98-H003,1GYMB
CA,98-H003,C1E0K
CA,98-ZQ03,1ZRV6
CA,981-LWT,2E5XK
CA,981166,OLFII
CA,982 9OR,DODB6
CA,983 VV2,KL94T
CA,983587,PWAXM
CA,985LDD,TQW7B
CA,986 MVO,PP5ZL
CA,986 WUJ,1IVOT
CA,987 DRA,R0ZS0
CA,987 DRA,66107
CA,98HK8,WZ7WH
CA,992 QEV,53TW2
CA,995-KCL,DIF6X
CA,9951 AH,Z12K3
CA,9959 GJ,PGX8Q
CA,998 HBE,PE6UJ
CA,99B 8044,QTIG7
CA,99G•226,FOWIM
CA,99MQ8,GDGDO
CA,9A406,HCHU0
CA,9B428,QDKJ6
CA,9BD 540,8LKPN
CA,9D511,7KGB4
CA,9DE 983,YMR2T
CA,9DQ 608,IMX5B
CA,9EPO349,UEO2V
CA,9EQ7555,4B114
CA,9F 9M5SHW,5DD6E
CA,9F 9M5SHW,T8C8Z
CA,9F M9756,HI9KX
CA,9G 9J8EMU,0FN72
CA,9G 9J8EMU,DKMZI
CA,9GI B74,E0ARH
CA,9H TV316,D0YRV
CA,9HE Z08,IC7R9
CA,9JG L57,K273A
CA,9KF 283,80LXS
CA,9KG8839,KJD6S
CA,9KG8839,TV9LI
CA,9KP 084,12C04
CA,9L 5S9KSM,4MSS0
CA,9LC 137,WMURN
CA,9LC 137,YOMEP
CA,9M889,H67H3
CA,9MJ 159,LE8EI
CA,9MRJ386,NTZK7
CA,9MRJ386,J0EVM
CA,9O 91832,T1XHZ
CA,9OF8255,OTHL0
CA,9PQ K27,BJ750
CA,9Q 55306,S5B4O
CA,9QX0476,E98WB
CA,9R KV583,O1UHW
CA,9R KV583,U1VZD
CA,9RUO627,O5NC8
CA,9SW M60,H3DB1
CA,9TU 569,TU6DB
CA,9TX47,ATMRJ
CA,9U 2G8IQI,6U49W
CA,9UZ X01,85VRW
CA,9VL5768,EF649
CA,9VR7449,FOAYZ
CA,9WI 140,2CQRK
CA,9WM Q91,P3FPZ
CA,9XXR928,NZSMO
CA,9ZS9689,OFR4D
CA,A59 8KQ,63SY1
CA,A64 1PJ,1RXHC
CA,A64 1PJ,KFYOB
CA,AAN9913,1AA95
CA,AAP 906,VLZPH
CA,AAP 906,8DQSR
CA,ACJ-8277,4SNFG
CA,ACU5960,S4AEY
CA,ACU5960,O2IZP
CA,ADE P81,6Y9PG
CA,ADF 345,1B0PS
CA,ADS 786,CYY9S
CA,AET 300,B5Z39
CA,AF2 T9Z,HUX4I
CA,AFF-1170,K2TLR
CA,AHN-7104,2COYE
CA,AI 1582,F5FCP
CA,AIZ-2513,VBDO4
CA,AKM 554,24590
CA,AKU-7045,YHFGL
CA,AKU-7045,ZSO30
CA,ALM 923,4P9F1
CA,AMM-9747,CI1UG
CA,ANG 8559,GF6F8
CA,ANR-279,QXM28
CA,ANX 281,19QFR
CA,APQ 950,XWSFF
CA,AQM H18,OX9CX
CA,ARG 582,3089L
CA,ARG 582,LC5EW
CA,ASG-742,7N0BY
CA,ATB 3687,TUCY4
CA,ATE T93,NO736
CA,ATE T93,OLS4J
CA,ATM-5934,2FVX9
CA,ATX-1490,SA291
CA,AU-1482,URMBH
CA,AUU 386,NL4VD
CA,AV7 S1S,0SKV5
CA,AXH 176,SHOXP
CA,AXN 054,1N1RG
CA,AZO-210,A4NYY
CA,AZO-210,Q7QPC
CA,B06-83G,Q96N8
CA,B06-83G,E0JYC
CA,B18 7AK,JC4FK
CA,B24 2GT,GHULA
CA,B44 5RM,FZTJF
CA,B59 0QI,UFQ92
CA,B65-71I,JTOB7
CA,B67 8RC,MKG4D
CA,B82-98I,KHAKK
CA,B99 9OY,UJJ0N
CA,BA 5947,494VG
CA,BA 5947,3G2FI
CA,BAA 800,5OQ73
CA,BDJ 063,IH68Y
CA,BF2 X8N,4C4VM
CA,BFI C93,ZNA5V
CA,BFN4976,ZAQ88
CA,BFN4976,A9I6T
CA,BFR 888,1FG7T
CA,BHU-828,3UYX3
CA,BJD 757,O3OBS
CA,BJU 577,KN7XM
CA,BKA K30,VXEYJ
CA,BKI 063,XCA3K
CA,BKQ 121,R55WP
CA,BKY 595,YHZ34
CA,BLB 4806,BRBGX
CA,BLE4927,L378W
CA,BLG3235,O7QTS
CA,BLV 899,10J4L
CA,BML 166,G37ZB
CA,BNQ-0332,7L7YT
CA,BO3 R1V,D58H6
CA,BOL-8079,U52Y2
CA,BPS-3419,LH5NO
CA,BPT-4726,3NSIX
CA,BPY-954,02179
CA,BRM-3681,G2CJL
CA,BRM5714,JSYOT
CA,BSG 231,3SXSU
CA,BSR9371,DSBX4
CA,BST 871,XLSMT
CA,BTH 234,66FJ1
CA,BTJ 429,GPY8K
CA,BU-2956,DOAD8
CA,BU-2956,W2VR7
CA,BVY0638,UU6H1
CA,BWK 577,5BB9C
CA,BX 24948,NOZ94
CA,BYI-948,38TUV
CA,BYN-865,NPPEA
CA,BZU-6326,402EP
CA,C 641594,Z6X18
CA,C 681589,L85SI
CA,C 681589,RGB9R
CA,C 681589,ULSP6
CA,C52-BCK,316HP
CA,C88-32Z,F8RCV
CA,C92-81I,Y46S9
CA,CB 45447,AK72P
CA,CC 8441,XUCY4
CA,CDX-5217,GYZIL
CA,CDZ 567,12WMV
CA,CF1 8217,ILP5K
CA,CF1 8217,V0EJL
CA,CFB 225,EY3EB
CA,CFB 225,6YW9B
CA,CFW4704,QF05A
CA,CG-7027,93V03
CA,CGP G36,5HQN9
CA,CHT-0396,Z9512
CA,CI-1327,TZA1J
CA,CIK 710,HSQIL
CA,CL 2273,MB34L
CA,CLC 603,XW63S
CA,CLF 810,5TFVD
CA,CLZ7966,XAZKQ
CA,CM 02436,HRVXY
CA,CMV 454,73M0T
CA,CN 7197,BETW5
CA,CN 7197,2G3DE
CA,COP5750,32976
CA,COT-0462,53Q13
CA,CPC 843,GHMOP
CA,CQ3 2794,7US48
CA,CQQ-8504,5SONH
CA,CR0 9061,GP05H
CA,CTQ2945,QBYZ1
CA,CTW-0210,Z59WW
CA,CU 5133,NWG7Y
CA,CVP 1718,9IHI8
CA,CVY 439,JNJV0
CA,CW 45074,32Z7Y
CA,CWD-4314,9BEXT
CA,CX6 G0U,G2J8Q
CA,CXU 419,NKUUN
CA,CXX7930,1MMMT
CA,CYJ 663,43T46
CA,CYJ 663,TFDGC
CA,D 607671,P5KWL
CA,D 607671,11DBY
CA,D 755203,BV6OU
CA,D 755203,MDEOI
CA,D11 4VM,1E3V0
CA,D16 4WO,DFFWR
CA,D48 9DV,92U98
CA,D88 6DH,ZZUG5
CA,D88-96Y,MWC7C
CA,DA 55384,G1UUL
CA,DA 55384,CZXWI
CA,DA 55384,FZ9NL
CA,DBP-135,E1AA1
CA,DC 9027,DE6RH
CA,DFS-3732,L9T2C
CA,DFS2617,4USTZ
CA,DGC 294,CFPYJ
CA,DIC 280,YWWB3
CA,DL-3647,9AT15
CA,DLN 504,YAXAU
CA,DNN 929,7HUA9
CA,DOF-8452,VDAO7
CA,DP 6516,YQALJ
CA,DQP 667,KLBNZ
CA,DQW 713,W8G39
CA,DR5 4592,4O32K
CA,DRJ O97,ODC3W
CA,DRL 700,KF4LY
CA,DS5 4108,LLSLO
CA,DSE-7583,LDP2V
CA,DSP-1317,0KKNU
CA,DUP P32,1QIY2
CA,DWP-6390,V0ELV
CA,DZ 3895,4FEHS
CA,DZC 085,JQ5R4
CA,DZO 412,TZ0T4
CA,E 456774,VSH0V
CA,E 490538,PVILZ
CA,E36-67V,G9QVR
CA,E36-67V,KIBGR
CA,E46 9WQ,6Q7DM
CA,E48-00X,XN8B0
CA,E48-00X,HVKN6
CA,E60-36C,EECWH
CA,E84-19I,APQ2E
CA,E87 8TS,9X2A3
CA,E90 0TA,HTPT6
CA,EAF-6595,CVQII
CA,EAF1854,VM8U0
CA,EAR-1920,CEF41
CA,EDF-3534,XKULV
CA,EDQ 800,EE0QV
CA,EEU 072,T64XC
CA,EHL-708,QTWTR
CA,EHT 597,RSGXC
CA,EI 4267,NPL0G
CA,EIF N67,6ZRG4
CA,EJK0697,8RULI
CA,EJS-1519,1SW8Z
CA,ELL-6696,3VYUJ
CA,ELL-6696,10X50
CA,EMQ-9207,RNDY6
CA,EMV Y92,GZ2NT
CA,EO 51400,6M4DC
CA,EOZ 932,WWBFQ
CA,EP 09251,Z260Z
CA,EPF2191,Z693Z
CA,EPF2191,9TU2E
CA,EQX W43,B6472
CA,ER-5568,48PVJ
CA,ET-6898,VV4GD
CA,ETU-792,MQ1C5
CA,ETW-3083,C3IED
CA,EUU-683,HDIZT
CA,EV 57378,ERXAA
CA,EV4 4728,DSXPW
CA,EVL 700,KJ4X0
CA,EVO-2976,OUT3K
CA,EW-5471,K30OG
CA,EWE3563,UZTAZ
CA,EX6 V3E,8L5Y8
CA,EZ 40920,Y9DRY
CA,EZ7 4132,8Y1GG
CA,F 406624,VU48D
CA,F25-VTS,GNEFL
CA,F87 5KO,0ETHD
CA,F89-26F,LW8IT
CA,FAM 421,IW8WV
CA,FDE-3668,D7FOO
CA,FF 2407,QULO0
CA,FFR-9039,54MD7
CA,FH1 2128,5M475
CA,FH1 2128,GZ9ZP
CA,FHN-524,4JXAE
CA,FI 29293,KI1DX
CA,FJ4 H2A,XRUHK
CA,FJT 987,2RZCG
CA,FLE-3211,FR96M
CA,FLE-3211,6JZEY
CA,FMH5156,RU81L
CA,FMT 894,A0MSK
CA,FON-3993,3RG3N
CA,FPH 590,9N633
CA,FR 1556,3PB90
CA,FR 1556,M2LKH
CA,FRJ 431,5Q7Y2
CA,FS 34987,FIVIA
CA,FSA-973,ZCPMR
CA,FSM-946,K19W2
CA,FSM-946,XS3NW
CA,FSU-6672,D6WUG
CA,FT2 1409,CVND9
CA,FTX 817,SNFD8
CA,FU 22242,RSVXW
CA,FU2 6572,NC589
CA,FWJ6571,CVTAH
CA,FWJ6571,JLV2M
CA,FY 4957,TCIB2
CA,FZ 25443,3VONY
CA,FZL 6911,NM40A
CA,G15-09R,Q7W81
CA,G40 2IH,3FIHK
CA,G43 0FI,P7GNB
CA,G52 4JQ,AOA6S
CA,G60-53J,8TKDC
CA,G79-EZG,00XXL
CA,G79-EZG,CBBXD
CA,GAP-1309,KY1VR
CA,GBW-4708,OSICQ
CA,GDZ 636,SXHDU
CA,GDZ 762,S6OY0
CA,GE-5143,FEVW3
CA,GEV-2542,LS35A
CA,GFS L54,713MI
CA,GI7 B9E,CE2KX
CA,GIC-0215,QCU4H
CA,GID-422,G1ADD
CA,GJ7 4031,9R8KA
CA,GJT-0109,CEWHC
CA,GK 2876,A75S3
CA,GKL 447,6XXYW
CA,GKX 479,25KJS
CA,GNH-033,RIN3F
CA,GNL 734,SYPQR
CA,GNL1062,8ZPZR
CA,GNL1062,5XTXC
CA,GNY-676,XSBPD
CA,GQD-845,7VXSX
CA,GQL4945,OUCXQ
CA,GQS 033,434BP
CA,GRI 464,43V0E
CA,GRO 012,MJRBS
CA,GRP-4000,MA61P
CA,GRP-4000,XW6IW
CA,GS6 1557,XD7BS
CA,GUS-2807,WJAE9
CA,GYD 245,VK3RS
CA,GZH-973,5A51Z
CA,H13-42T,6QQ17
CA,H49 1HY,2OVYA
CA,H67-CSH,XCUJX
CA,H67-CSH,8B7C4
CA,H70 5IO,6V05T
CA,H70-XAF,3483R
CA,H83 9EL,JBPZS
CA,H85-JZL,P0JYO
CA,HAM 992,1HLES
CA,HAY 074,Q6IKS
CA,HBF 578,FG1Q7
CA,HBW 932,NPEGC
CA,HCD 830,8XEJM
CA,HCJ 236,T3JRZ
CA,HDL 053,WQG3K
CA,HDV 947,68UOL
CA,HDW 627,KSG8Q
CA,HFE 663,NLZFS
CA,HFE 663,A9TMO
CA,HFE 663,1LVKT
CA,HFE 663,P5RJ4
CA,HFN8976,TXXUU
CA,HFW 797,7LRLH
CA,HG 25071,ARRQH
CA,HHX 956,SU89B
CA,HI-4641,EDIHT
CA,HIS 543,YUB31
CA,HIV 499,2NR4Q
CA,HIY 791,Y8RD9
CA,HIY 791,UKWAZ
CA,HJD 246,X8NIE
CA,HJO 161,FQFAD
CA,HJX 663,VTNVT
CA,HKB 699,AS6Z3
CA,HL 32545,TQ4BF
CA,HLE 087,2MI70
CA,HLM3680,RRZQK
CA,HLM3680,4QB71
CA,HLO 232,I8FWC
CA,HLO 579,L9X7F
CA,HLO 579,JAWDY
CA,HMC 836,WW7FA
CA,HMS 823,17BVM
CA,HNT 415,NO0D3
CA,HOB 515,FU3OG
CA,HOK 565,QMICH
CA,HPH 096,1C6A3
CA,HPJ-212,74R8C
CA,HPQ 686,RRO9P
CA,HQK 342,LYJMG
CA,HQQ-2841,IG7Q6
CA,HRO 939,3Y83L
CA,HRT8726,NS2U6
CA,HSA5007,937GV
CA,HSF-995,XN6X9
CA,HSF-995,BFSC4
CA,HSG 499,SCET1
CA,HTD-2922,ZSA3A
CA,HTM 062,Q4CAC
CA,HTU2902,CFXO7
CA,HTY0892,6P1RP
CA,HU0 B7Z,J6QVV
CA,HVE-3593,DNSQR
CA,HVV 567,73TBM
CA,HW0 O6V,4TTSS
CA,HWD 294,VMN1I
CA,HWM 191,FPP2X
CA,HXH 447,DCPD9
CA,HXI 630,N7TPK
CA,HYB 484,6OWD7
CA,HZE 438,UOLM7
CA,HZN 006,A9FZY
CA,HZR-9420,MW64Q
CA,I03 2TO,WDHQ0
CA,I22-97U,X8JZG
CA,I39-02P,PUNDM
CA,I68-63Q,TRDVZ
CA,I68-BZQ,9N0CM
CA,I76-HST,LX0ZO
CA,I76-HST,47WIZ
CA,I80 1EH,MGHFE
CA,I91 7YT,FZB47
CA,IBD 862,GIYEX
CA,ICR 448,QUUZ8
CA,ICS 120,515BU
CA,IDK-617,IQX4J
CA,IDM J52,1GBVY
CA,IDS 298,DV6TA
CA,IEV-0778,D67EV
CA,IFX-710,0QAIQ
CA,IHJ 787,ONX5W
CA,IHN-460,ZUVR0
CA,IIH-8840,Z6CMV
CA,IIY-4683,AYC35
CA,IIY-4683,9DKN7
CA,IIZ-683,4H3OB
CA,IJC-634,GYNJS
CA,IK 3480,P85R3
CA,IKL9879,4SA2G
CA,IKM2371,96F4N
CA,IL6 8947,UJC2T
CA,IM-3474,150ID
CA,IND 422,YBH72
CA,IOV 4136,KI00O
CA,IPE-305,CNIL3
CA,IQN3863,QICO2
CA,IR 3658,H95PO
CA,IS 4747,5506R
CA,IS-4774,US29N
CA,ISG M52,FOQZV
CA,IUO 019,Z2TIS
CA,IUZ-0562,DFEUJ
CA,IWC-4325,TYTXT
CA,IWC-4325,VN08F
CA,IWI-117,5EL4S
CA,IYX1512,7JM90
CA,IZA 906,0GNDT
CA,J 484341,QOXHG
CA,J 955128,IT2RW
CA,J24 3PT,M4W3N
CA,J24 3PT,6QP9W
CA,J63-SIR,126DV
CA,J66 0BN,H50XK
CA,J68 7HJ,URRR0
CA,J90 6YL,DIN5C
CA,JAV-6766,XIBCJ
CA,JAY-7432,FNU50
CA,JB2 5248,9MHZK
CA,JBA-9904,CNAI9
CA,JBB 556,DJ9Q8
CA,JBJ 854,DHH8B
CA,JCA-3547,KQ0WJ
CA,JCD 474,GJ1P8
CA,JD5 J6T,QU00Q
CA,JDR-7046,Y4A5X
CA,JFN-609,XEK24
CA,JFP-369,888IW
CA,JFP-369,KKB66
CA,JH-8165,MD49I
CA,JHI 323,WJZ3U
CA,JJP-0041,23DVK
CA,JLE D90,HIWXD
CA,JLP 616,1DI7W
CA,JMG1897,E5PAQ
CA,JML 080,4O6RC
CA,JN 7770,A91V1
CA,JOA 934,7VT31
CA,JOW1687,XCPVZ
CA,JQA 8300,E6JN4
CA,JQU 229,7BYGD
CA,JRE0728,XV2WX
CA,JS 32543,HH43E
CA,JS 32543,F4YK2
CA,JSJ-6360,NC3R4
CA,JT8 1946,XMRKM
CA,JUL-881,N5SII
CA,JWZ 936,QD5UT
CA,JX 54155,KXHMN
CA,JY 46889,OYSBM
CA,JY 71606,I4DG5
CA,JY 71606,XMUA6
CA,JZF9064,Z56IZ
CA,JZH-1270,GA372
CA,JZN-856,M3SX9
CA,K 121525,ZICPK
CA,K10 6JF,5AAN7
CA,K43 7IG,JHLU9
CA,K47-24Q,1ZXV3
CA,K76 4GH,B1OU4
CA,K76 4GH,ZW8AJ
CA,K87 6KP,IQOLV
CA,KA6 0210,4TZOO
CA,KAD 771,QVRV5
CA,KAJ-560,9DXDA
CA,KBZ 027,PPECZ
CA,KCH2894,PG0GG
CA,KCQ 034,2CJ0Z
CA,KCU 531,GIJWC
CA,KD-4252,CVRB2
CA,KDF 462,VXCBI
CA,KDO 840,VIU6Y
CA,KED 818,8Q30S
CA,KED 818,A01TA
CA,KEF-686,PW1LD
CA,KEG-1770,9WC3Q
CA,KEH 683,S3DHH
CA,KEW 330,63VNL
CA,KFC-967,N7151
CA,KFC5218,S7POT
CA,KFM2130,RHD9V
CA,KFR 139,QFT7M
CA,KGQ-473,D8G0O
CA,KGX 152,MSOF5
CA,KHB-417,FLAJ4
CA,KIS8687,FRDEW
CA,KIS9700,YMLPZ
CA,KIZ 696,0T9JV
CA,KKD 280,IXH65
CA,KKD 280,9WTKY
CA,KKK-2440,D9F1Z
CA,KKL-4709,XYOAS
CA,KKP 655,EV8LK
CA,KL4 1449,ZA9IQ
CA,KL4 1449,DNHDP
CA,KLV 846,3HJTJ
CA,KLX-258,40P2R
CA,KMM 998,0U91V
CA,KN-3449,XJJP6
CA,KN-3449,CNPV2
CA,KNB 817,2BBC6
CA,KNB 817,NRY83
CA,KNJ-630,VIUXI
CA,KNV-417,U3S47
CA,KOF 404,9YD22
CA,KOG-3656,NUBPM
CA,KOV 151,VO0OF
CA,KPE 4377,1J4HA
CA,KPQ 256,26AHJ
CA,KQR 445,OO8ON
CA,KRE 934,V9SXE
CA,KRL 028,LK5C1
CA,KRM3749,WZAXE
CA,KRM3749,OIBI2
CA,KSD-3265,64QCB
CA,KTI-6880,Z9GSY
CA,KUC-288,M4G4D
CA,KVD8793,XEGVK
CA,KVL 822,ZMABB
CA,KVS 336,I2QE7
CA,KVV-2526,M4ZI6
CA,KWH 449,Z49EP
CA,KXK-6148,YA68B
CA,KXK-6148,OH2FG
CA,KXQ 600,KPVJH
CA,KYE 819,BDG3K
CA,KYE 819,YI7AC
CA,KYU 581,FHSIF
CA,KZ7 C0V,TQO3V
CA,KZI 594,3IAOM
CA,KZS 217,TSSZD
CA,KZW 125,6CNZM
CA,L 225616,BA3EZ
CA,L20 5IV,E4Y3F
CA,L37 1DG,D4VD6
CA,L51 7OL,4MJHN
CA,LAH-7515,9Z3SN
CA,LAH-7515,XP33A
CA,LAZ-436,FHK59
CA,LB 6795,6GXLZ
CA,LBF 753,OF8DS
CA,LBJ3540,J65PF
CA,LBU5662,4OUWF
CA,LCB 594,W4CSS
CA,LCU 217,721X3
CA,LCU 656,TPYL7
CA,LCV 530,DX628
CA,LCV 530,HQICW
CA,LE5 Z4S,K6DF8
CA,LE5 Z4S,TXQUR
CA,LE8 M4W,BVRP7
CA,LEF-4305,1EPKA
CA,LEL 681,E37V1
CA,LFC 059,8JZW4
CA,LFC 1450,IC7JJ
CA,LFC 1450,NJ1VR
CA,LFI 459,JZYF3
CA,LFJ 155,P89CN
CA,LGW 559,ZVWN2
CA,LHD-0298,TSZK0
CA,LHI 015,KVO9V
CA,LI2 1023,P58U3
CA,LI2 1023,7HCOY
CA,LIG 062,62RC0
CA,LJE8184,6ZP9V
CA,LJS 003,DFDAI
CA,LJS 497,Z3IVG
CA,LKG 429,KO0CC
CA,LKI 434,X050N
CA,LLO 595,5Z9UB
CA,LLY 523,L6DJQ
CA,LMI-194,7TF74
CA,LMM 526,GSYN5
CA,LMQ 293,SYUDX
CA,LMQ 800,LQ1WV
CA,LMQ 800,FXX0B
CA,LMR 416,7QN0U
CA,LMR 416,V22PK
CA,LMY 616,HMQAZ
CA,LNG 971,QBR0V
CA,LNY-6273,6NIA4
CA,LOC 821,4ZFYI
CA,LOC 821,Q343T
CA,LOE 8234,ZB1G7
CA,LOH3351,IG1KC
CA,LOJ 799,P8PTE
CA,LOW 387,H7CYN
CA,LPA-631,I0WA7
CA,LPI 021,UF06J
CA,LPQ 302,TR0EI
CA,LPS-423,FTSGT
CA,LPU 184,OHKIO
CA,LPV 905,OUB9Y
CA,LPV 905,L3Z3K
CA,LPZ 632,Q69KK
CA,LQ8 0661,PVPZ3
CA,LQ8 0661,98DL6
CA,LQ8 0661,H47E6
CA,LQF 934,PR509
CA,LQF 934,9YE3S
CA,LQO 115,3AOJ4
CA,LQP 761,BV8F8
CA,LQU-868,MCM2S
CA,LQY P47,FIZ3O
CA,LR 2662,KI7S1
CA,LRF 857,QIHF4
CA,LRL 728,RUL8A
CA,LRL 728,4N7XV
CA,LRL 728,4X86E
CA,LRO-112,OBMIR
CA,LRV 854,8YADL
CA,LRZ-403,UNWNQ
CA,LTI 407,3F56U
CA,LTI 407,J2KM1
CA,LTP5989,ZD5L2
CA,LTS 5598,0HL7H
CA,LTT 904,19JTZ
CA,LTU-8448,BLDI0
CA,LU-4655,WQFU4
CA,LUA 753,S5TMH
CA,LUC 092,HD7HQ
CA,LUE 327,5FJH3
CA,LVP 920,C0CRZ
CA,LVT-7057,H4V6E
CA,LWR 934,XCNZP
CA,LXI 720,7XUQT
CA,LXI 720,XR8TM
CA,LXM 394,Z9Y8S
CA,LXW 0543,ZM2RY
CA,LZS 236,BE7SX
CA,LZT 681,MU1FJ
CA,LZT 681,PGCG6
CA,M 401272,IZ7H1
CA,M 888014,TLLEG
CA,M 921676,VKCSE
CA,M00 6HL,WG2VK
CA,M28-LGG,VVL74
CA,M31-YYU,YNUTG
CA,M34-BDQ,ZUUV8
CA,M51 4OL,4TO8K
CA,MAB 215,7OUYE
CA,MAE 298,6DZYN
CA,MAE 298,RJQBV
CA,MAQ 206,Y2A63
CA,MAQ 989,JM6G6
CA,MAT 147,JULR2
CA,MAT 147,HK2R8
CA,MBH 520,W1FK0
CA,MCG 463,G2E3G
CA,MCR 492,8VJJL
CA,MDL 026,GA2KM
CA,MEC V42,IUNGD
CA,MEI 803,WINDW
CA,MEM-3290,6RXFG
CA,MER 109,BNVJJ
CA,MFB 8221,DI2B9
CA,MFH 969,1S0BI
CA,MFJ 710,QQ92M
CA,MFK 136,KAERD
CA,MFY 092,Q1B8B
CA,MGQ 100,K35BH
CA,MGU-069,MPWVV
CA,MIG 131,CEZ02
CA,MIT 089,CU0NU
CA,MJF-6539,9VTTU
CA,MJX 720,YRJ3Q
CA,MJY 513,AGZQD
CA,MKK2719,91EK8
CA,MKK2719,PTBJI
CA,MKQ 977,C6SXM
CA,MLH 004,BSWQN
CA,MLH 004,XAIB5
CA,MLJ 966,546EJ
CA,MLL1773,VHRYP
CA,MLZ 276,DS0KG
CA,MMQ 543,M4G8S
CA,MMQ 543,J0O6A
CA,MMR 178,9KTIK
CA,MNG 240,225AC
CA,MNG 240,7L38O
CA,MNH 024,TM5IR
CA,MOU 400,V2A0I
CA,MOY 031,29I41
CA,MPC 322,CXS52
CA,MPE 439,BC8IU
CA,MPN 129,Z6110
CA,MPN-259,KJCO8
CA,MQN 046,4KG04
CA,MQT 482,ZJWLB
CA,MR8 3863,NZ6RH
CA,MR8 3863,JLQSQ
CA,MRM3733,Y13BV
CA,MSU 059,A9FR6
CA,MT 33638,9298L
CA,MTC 2168,FZB23
CA,MTE 174,NYAW7
CA,MTH9938,SODVR
CA,MU-9654,ZH78Q
CA,MUF 169,PYGI1
CA,MUM 497,4J8OR
CA,MVM 430,FA88R
CA,MW 6008,UECC9
CA,MWF 132,11M5R
CA,MWF 132,DH6TE
CA,MWL 783,0HU3M
CA,MWL 783,JWGEJ
CA,MZH 352,6FIUD
CA,MZH 832,0Z8N4
CA,MZL 367,TPXIB
CA,MZW3001,FABMI
CA,MZZ 410,NQ84J
CA,N 061369,Z52ZB
CA,N 414858,3NNF7
CA,N 865198,C1PYQ
CA,N 968323,PNM5I
CA,N06-54K,4O1ZC
CA,N09 4RG,UAX00
CA,N31 1WJ,BKACZ
CA,N38-YRY,DQH6S
CA,N41 3QU,3SDRH
CA,N49 5AG,U1NT6
CA,N82-73L,EGCJL
CA,N82-73L,6DZ19
CA,N92 0DV,7P90B
CA,N94 7EY,XVI5W
CA,NAX 3734,O7YWC
CA,NB 47318,31GJB
CA,NCP-3584,746UB
CA,NCR 645,PCMK9
CA,ND 0026,4L1F3
CA,ND 0026,OVJAJ
CA,NEX 407,DR4QE
CA,NFA 344,Q6YEU
CA,NFO-104,LAMNQ
CA,NFT 081,5STI7
CA,NGC 820,6F1KL
CA,NGC 820,7HXUD
CA,NGL 947,IZNUX
CA,NHU I90,ZUZ1G
CA,NI 11856,IJX3T
CA,NI 6780,2PWN8
CA,NI1 0654,P92MD
CA,NIT 077,PDMSH
CA,NJB 669,N19D8
CA,NJH-6721,6MQIZ
CA,NLK-966,YBWM7
CA,NLL 797,NSY4O
CA,NLL 797,LQIRO
CA,NLR3156,8SVN0
CA,NNI F33,HMYF3
CA,NP3 T1B,56JZZ
CA,NPJ-7763,BOT1T
CA,NQO2206,K3UZB
CA,NRB L19,1WRK8
CA,NRF7152,4Y0K4
CA,NRM 220,FQRAJ
CA,NU 20101,CR90M
CA,NU 20101,56PYD
CA,NUG-922,TWA8O
CA,NW7 5192,SZ23U
CA,NWT-6449,ZDVU2
CA,NWZ-873,6XW8M
CA,NXV-647,ECGW0
CA,NXV-647,UL2EQ
CA,O 249292,2G17C
CA,O 249292,XMZS8
CA,O 402545,W8G0P
CA,O46-12Q,47VAV
CA,O49-ONE,BSU82
CA,O58 2NC,T2GAE
CA,O68-TJI,1A5J1
CA,O77-IRU,0SHYX
CA,O92-21L,3E6EG
CA,OA4 1775,SJWIU
CA,OAS-9940,A0AV5
CA,OC-6288,SSQOQ
CA,ODC 645,ZRNML
CA,OEG 851,5DX5J
CA,OFS4543,Y24LT
CA,OFS4543,PV4PO
CA,OFS4543,2CUXU
CA,OGC 921,9YU0Y
CA,OHH Z82,E0OH7
CA,OIL 894,EHF9X
CA,OIL 894,Y4QGH
CA,OJO 293,ROZ39
CA,OK 3990,1HV2J
CA,OKV-3971,5E8XN
CA,OLL-236,SPNL2
CA,OLN 071,X2MTK
CA,OLN 071,LW875
CA,OMI 532,4WNP5
CA,OOZ J66,M99IX
CA,OP-9664,YQ9UC
CA,OPV-5691,SEBAM
CA,OQ7 5632,9G9AB
CA,OQJ 770,IEI0J
CA,OQY7361,HW4LH
CA,OQY7361,FPNBQ
CA,ORG-6214,HC5BE
CA,OSR-714,PATJ9
CA,OSS-998,345P5
CA,OSS-998,IB40A
CA,OST 168,MF6MR
CA,OTC-8740,3CMJ3
CA,OTN 084,RQCXT
CA,OTT 3189,ATFYB
CA,OV-1837,IIA29
CA,OVP 292,557LU
CA,OXS 105,4HVAK
CA,OYA-399,M0XRR
CA,OYJ8359,E5J5A
CA,OYQ-607,6S2KE
CA,OYX8763,AZ0DQ
CA,P 709423,VVTTO
CA,P 709423,H3YG9
CA,P03-OQH,NTM3O
CA,P21 6GD,WU4RA
CA,P23-QDS,K8IMC
CA,P66 0UY,N2IIU
CA,P83-SLV,4PKC4
CA,P90-DNG,GSWLM
CA,P96 2RP,HKR80
CA,PAB 587,QVYAY
CA,PAR 238,8I9NF
CA,PB 07097,NDCUQ
CA,PB 9217,MONAF
CA,PB 9217,G2MFM
CA,PB 9217,P1WH9
CA,PBO 928,1ZGLT
CA,PC 7117,B3DT2
CA,PCY 181,PL3AE
CA,PCY-415,4U1YY
CA,PDE-2239,07UK3
CA,PDS 020,RF9LE
CA,PDX 891,P2D9W
CA,PEC-4751,MLGDU
CA,PEC-4751,Z9C3R
CA,PES-5648,JEM31
CA,PEY-698,IBWSH
CA,PFF 234,FD1ZM
CA,PG 0098,WXPY2
CA,PHJ 447,E42JX
CA,PHJ P18,YQIYF
CA,PHN 115,XQUA1
CA,PJP O12,XLJ51
CA,PJY 009,3729Q
CA,PKZ 729,EBV11
CA,PMG1442,GIWM5
CA,PMY-670,NOHPQ
CA,PNL 260,44W80
CA,PNL 260,JHTWK
CA,PNY-0632,W22YK
CA,PNY-0632,DB14H
CA,PPL 480,S12XI
CA,PPL 480,ABZUG
CA,PPL 480,F6J7E
CA,PQT 954,P4GUX
CA,PTF1343,SWNC1
CA,PTR-654,IFH1O
CA,PVT 659,VQU1V
CA,PX 6970,JH9K5
CA,PYD 820,467DS
CA,PYD 820,8UFC3
CA,PYN 963,763SO
CA,PYN 963,SO8QM
CA,PYZ-235,HZYCL
CA,Q 075191,8GYT9
CA,Q 234929,35BB1
CA,Q 470756,PM7HN
CA,Q 877055,KCKHH
CA,Q 998307,GI9V3
CA,Q44-WVO,NF64B
CA,Q50 9GL,XVO12
CA,Q51 3TE,JMSBD
CA,Q56 2OI,HSGSK
CA,Q77 0EP,R2992
CA,Q78-QEN,AJ67I
CA,Q84 0HV,MDG5F
CA,QAP 613,LO7O1
CA,QAV 915,HLI8S
CA,QB-5279,W5GOG
CA,QB-5279,0EZIL
CA,QBK0758,GZR5A
CA,QC-4359,PYWOH
CA,QC-4359,GSY68
CA,QD6 P4D,RZOPE
CA,QEK-340,CJEKJ
CA,QEL-2138,VB48A
CA,QG2 3406,4VAFQ
CA,QHJ-6845,8WW0M
CA,QJE 182,AWKOX
CA,QJT 717,0RCQ6
CA,QKK-8394,OWRTP
CA,QLK-8444,V4J45
CA,QMT-7687,PBPZO
CA,QO1 P8P,KS7CH
CA,QON 890,3OQW6
CA,QP-2110,7T80I
CA,QPJ-4453,7WK8W
CA,QS 64733,D8ZVV
CA,QUC 401,BVAQO
CA,QW0 U3B,8CWZV
CA,QWK0156,FAXWJ
CA,QXE-563,02K5G
CA,QYB-4466,GW4T1
CA,QYO 632,DYZKQ
CA,QYS-570,BNJ00
CA,QZA5454,BYCXN
CA,QZG 331,FWPX3
CA,QZG 331,A4BR3
CA,QZK-2742,SM0PN
CA,QZS 008,MHEXJ
CA,R15-SYD,ZPTE4
CA,R17-AYD,9AKRA
CA,R21 8LW,GO2VX
CA,R24 9NJ,103IX
CA,R40-28I,AGUTM
CA,R45 7MT,L6UHN
CA,R76 4VT,Z5AMU
CA,R76 4VT,S2K29
CA,R79 9ZV,MXC2C
CA,R86-AID,T7F8L
CA,RBA-2488,B7GJW
CA,RBY 452,5CS8N
CA,RCV-606,1MAQN
CA,RDJ-112,19JL1
CA,REF S92,6FU83
CA,REM 871,5QCOC
CA,REM 871,MW6GX
CA,RGG 381,9WX7D
CA,RIC-459,KE752
CA,RJI-133,CBJVC
CA,RJI-133,RVTYF
CA,RJI-133,MRVAK
CA,RJI-133,9A8YN
CA,RKW 153,6KOD5
CA,RKY 243,HA6B9
CA,RLB-7930,O7TE2
CA,RML 932,B9E2L
CA,RML2445,H283K
CA,RMP4559,KNBNP
CA,RMX 418,Y7N2U
CA,RP 1433,XGVX0
CA,RPH 247,0A09J
CA,RQB-4163,MB63R
CA,RRL0292,X3Q6P
CA,RT-0855,W35U4
CA,RTH-410,U6K9O
CA,RTH-410,1N1CN
CA,RTU 333,AEWA9
CA,RTU-4889,5HHJ1
CA,RV 04887,BDRP6
CA,RWL1168,DNPJ6
CA,RWL1168,6MYJZ
CA,RWL1168,O8KTT
CA,RXQ9131,093VW
CA,RXU 844,XFKE3
CA,RXU7276,YS2JA
CA,RXV 820,AQ3IX
CA,RYI 697,ERX5N
CA,S00 4QB,D55TW
CA,S00 4QB,KP5NH
CA,S19 9GI,KIO2X
CA,S27 5GU,8LF71
CA,S29 7GC,1Y526
CA,S79 3IS,YNKRV
CA,S90 0EX,XN60G
CA,S97 9VY,3XQ4G
CA,SAE-546,NYWLT
CA,SCB 895,RRT5Y
CA,SD-5556,9N9ZZ
CA,SDI 262,FN5MI
CA,SEQ 952,24H4A
CA,SFT1287,WBUGA
CA,SIY 045,AV99V
CA,SJU-846,RL069
CA,SJY 895,ZM96J
CA,SJY 895,OU66W
CA,SKJ9447,57IXD
CA,SKR 552,WS51U
CA,SKR-3189,QEFS8
CA,SKT-1180,URW4Y
CA,SKT-1180,OEM7R
CA,SL8 3403,BA57Y
CA,SLC-8739,3KHUL
CA,SLC-8739,4GXAV
CA,SMB-133,URABS
CA,SMM2104,NTJ7C
CA,SMV 6677,723LL
CA,SQ 8497,P3583
CA,SQ-1313,ANAVT
CA,SR3 1476,34Q5B
CA,SRN 689,5HCIY
CA,SRX 486,KYS0Q
CA,SS 33593,FDB35
CA,SS1 8825,80RYL
CA,SSG-423,UBJSO
CA,SSQ 327,JJCOW
CA,SSU 0613,CS6IM
CA,STR Z47,FVYIF
CA,SW5 2841,0TOKI
CA,SWT H26,R1CFK
CA,SXU E59,0BE6Y
CA,SXY5693,Q6HWG
CA,SYY-859,QTJW9
CA,SZE 296,UAS84
CA,SZS-338,3WKCP
CA,SZY-1240,PO8AI
CA,T 012397,WYQ2F
CA,T14 3PP,1MK4M
CA,T33 6HM,7PEUI
CA,T60 5DQ,J79RC
CA,T70-WVW,10UCS
CA,T81 2BH,Z8CZH
CA,TAJ-309,8X20C
CA,TB-1593,QT38M
CA,TB-1593,B4PFS
CA,TBP 025,GRJJ9
CA,TBT 697,VF2U1
CA,TC-4703,4SEDM
CA,TC4 8391,5M6TO
CA,TCG-1439,CCHCN
CA,TEC6839,2QOIX
CA,TGB 750,14P44
CA,THE-166,7OHP7
CA,TIL 674,ESG22
CA,TJX 827,G5QFZ
CA,TK-5360,NVXQR
CA,TK1 J2M,VVQP1
CA,TL2 2067,L0DFQ
CA,TLV-830,7FH0K
CA,TLV-830,001PR
CA,TM 58291,H81X7
CA,TNN 030,V4O3W
CA,TPI-624,N005F
CA,TPO8181,95SZ3
CA,TQI X84,CSW31
CA,TR 0043,79YPO
CA,TSJ 031,TV32Y
CA,TUI-893,MPW9X
CA,TUV 896,EJWGW
CA,TUX 260,UBYFJ
CA,TYL-059,0ORDD
CA,TYX-247,VY9R4
CA,TZK-271,PUMY1
CA,U03-58U,MPZQP
CA,U14 8JH,R3VZJ
CA,U17-ECQ,3B9HN
CA,U23-84S,CATKZ
CA,U60 6XL,77IU9
CA,U63-XIZ,ZDJKN
CA,U74-13F,D074Y
CA,U85 9KK,4V7LF
CA,U92 6VV,D72EU
CA,UAB 193,B1185
CA,UB-8959,E20T6
CA,UCZ-293,M673H
CA,UEH 052,7GHDS
CA,UFM-737,HQ6B8
CA,UFO 667,TGF0O
CA,UH5 X3D,J6ZB6
CA,UHN 998,S39US
CA,UHU7242,R2EGR
CA,UHU7242,M8R08
CA,UJK 889,DSV00
CA,UJX 321,WHZAJ
CA,UKN 874,D6CHG
CA,UM4 P6Q,3JYV6
CA,UNE-7960,WUHBA
CA,UO-8497,1RMCX
CA,UOJ Z49,EMKIB
CA,UOS 622,RDY6D
CA,UQ1 O5Q,WIESS
CA,UQG-4482,09N1C
CA,UQO 739,G6EQ8
CA,URU 163,YVQRE
CA,USE 872,MEG4X
CA,USF 4104,99CQB
CA,UVX 253,60YCD
CA,UZT 305,1ZB21
CA,V02-KHW,QI0NH
CA,V05-RGE,JJLFR
CA,V18 3QR,YNCKT
CA,V23-21Z,GJX6J
CA,V23-21Z,Q7LY1
CA,V55 2YY,2OIDS
CA,V57 7NL,H5B1Q
CA,V64-XMU,DJOVX
CA,V83-FJP,8CVTK
CA,V99 5RF,MI6PH
CA,VAY4542,VMX4M
CA,VBE-845,1Y7CY
CA,VCW 484,Q1QAU
CA,VDG A85,O1EWF
CA,VEI-3682,P7GTN
CA,VES 431,TST61
CA,VET-0519,1GJ4Z
CA,VEY 224,GOBJH
CA,VFH 860,VC0FQ
CA,VFV1056,4VJZ1
CA,VGU-4575,6TXUE
CA,VI 52909,NMWTU
CA,VIW Z05,JE9XG
CA,VK 11228,BLS0W
CA,VKW-879,J6IND
CA,VMX 226,GBPXS
CA,VNJ9579,983TY
CA,VO4 6173,XT38Z
CA,VRN 6924,TM2GE
CA,VRN 6924,FLS0E
CA,VRP-722,K1DB9
CA,VRU X48,Q1HIX
CA,VRU-937,DHFV8
CA,VSK 628,7XKW1
CA,VTL-637,ARP5B
CA,VTL-637,RF1QJ
CA,VU 4722,W1YCI
CA,VV3 5957,N9ZBR
CA,VZ 1046,0BEDK
CA,W 117471,EKK2Q
CA,W 912330,EMM4E
CA,W 912330,A24B0
CA,W29 0WR,AJLYB
CA,W35 2AX,WRQKK
CA,W42-LIM,I6D6W
CA,W47-LPS,I98W9
CA,W96 8VB,TW79M
CA,WA 65445,C05AP
CA,WAJ-9029,8S15G
CA,WAU-245,4OHC8
CA,WAX4827,VT1F1
CA,WCI1647,6VCCT
CA,WCJ-2448,WZBTC
CA,WDY-909,CS8NJ
CA,WEU-6337,RP5FU
CA,WG2 U2N,5OGRE
CA,WGL-4622,1E2AK
CA,WGM 102,JAU44
CA,WGP-552,O2R9O
CA,WGW-9052,INERO
CA,WGW-9052,HVVCL
CA,WGY 080,SYZ1X
CA,WIA2681,7POXW
CA,WIA2681,VLLI1
CA,WIR 715,IANX5
CA,WIV7641,VOMZD
CA,WIV7641,3HGX5
CA,WIW 770,FY8SE
CA,WJY 211,2KSQI
CA,WKV 970,NC8N7
CA,WL2 N9T,MM954
CA,WNI-212,4XIEP
CA,WP9 1350,AN931
CA,WQC-880,HGW3D
CA,WQC-880,V4S82
CA,WQC-880,WGGB4
CA,WQZ 444,1VLAA
CA,WS-5497,NN4YR
CA,WSB O15,6P9VT
CA,WSY-026,4VVR8
CA,WVP 565,CVTDF
CA,WW 03938,U8JUA
CA,WXT 756,Z1B9Y
CA,WYJ U97,2TNMR
CA,X 270696,6PPN0
CA,X 270696,ROC3I
CA,X00-FWY,ONHAM
CA,X16-GDO,9SML8
CA,X58 6NY,1TBWL
CA,X88 7SH,58RRY
CA,X91 9NM,RNZHO
CA,XBT-037,PFSXG
CA,XCF2181,YBEG6
CA,XCS 175,8I9C9
CA,XCZ-3416,AR8YG
CA,XE 6490,YDEZU
CA,XEC-7748,T060B
CA,XG4 0257,165HG
CA,XGK 962,25E3N
CA,XGM Y27,0Q13A
CA,XGN 631,BCVL1
CA,XHI 752,DSTK3
CA,XIA-9102,3MF4T
CA,XIX 284,OSL85
CA,XK 7710,RL367
CA,XMT 722,M4E2V
CA,XNE-4744,6HERZ
CA,XNS 709,4PPLM
CA,XNX 678,UM2G2
CA,XO-3504,VU86B
CA,XOD5262,0CGIY
CA,XOY 570,OOADG
CA,XPP-306,9RSQX
CA,XQS 785,SV7LM
CA,XRI-0191,LWLXZ
CA,XSC-517,OFEN9
CA,XU-9631,92Z9W
CA,XV 9669,BQY6L
CA,XYK 7373,S2BC4
CA,XYQ X65,4HBVA
CA,XZM1396,SJ6B9
CA,Y 149551,CEKY5
CA,Y 971357,AVLQH
CA,Y07 5JS,FI4GH
CA,Y11-ZPE,0SI72
CA,Y15-UBJ,T44IC
CA,Y36-KHE,S7ZCR
CA,Y71 1YE,R9NGT
CA,Y97-39E,MQDZS
CA,YAC-598,ALLL5
CA,YAE-5535,TSXPI
CA,YD4 4405,W0HIQ
CA,YDK-248,ICLEV
CA,YE 83365,298D5
CA,YFJ-824,D2Q2M
CA,YHK 873,P5PGZ
CA,YHK-2722,7DA2T
CA,YHK-2722,LWJ9M
CA,YJJ9958,SUO28
CA,YJT8957,GM38A
CA,YJU-8284,D82YU
CA,YL 19518,5TMQR
CA,YLC7492,KBV9I
CA,YLD-3827,XDA65
CA,YLG 450,Y9SFQ
CA,YMM 996,5XMR2
CA,YMM 996,H5QTV
CA,YNU 632,OT6NS
CA,YQ 8457,JE0DK
CA,YQG-477,C9KK8
CA,YQG-477,054AW
CA,YQK-795,DH5Y0
CA,YQL-1988,UALE2
CA,YQX-493,PY1D7
CA,YS5 R9B,CLUQX
CA,YTR-066,735VD
CA,YVB-623,C191S
CA,YXQ-407,Q1Q5A
CA,YYI 040,ADV62
CA,YZA 977,LW5GF
CA,YZB0429,F3VXL
CA,Z02 7YT,L6BWX
CA,Z07-EBK,EINLV
CA,Z07-EBK,PXWGX
CA,Z55 9OY,Q53WG
CA,Z70-MSK,202X2
CA,Z70-MSK,VN2DH
CA,Z71 3ZD,SF3PY
CA,Z76 8TG,HOQA8
CA,Z78-79O,XRW7W
CA,Z81-PBH,YWTWX
CA,Z81-PBH,6RW49
CA,Z87 6WV,7D1M1
CA,Z87-03Q,TWZQG
CA,ZAC 576,QU4A9
CA,ZAC-567,S7FBO
CA,ZB1 O7X,QPR5T
CA,ZBC 085,EDPY2
CA,ZBL 231,7QFEI
CA,ZBL 368,K28CZ
CA,ZBL 368,HIC0K
CA,ZCW-8183,KY3CK
CA,ZDR 878,D3S55
CA,ZDZ 939,5DKXV
CA,ZDZ 939,UU862
CA,ZED 631,CLZN3
CA,ZEO 770,8SWK5
CA,ZER 323,E9PIQ
CA,ZFE 258,DJHZZ
CA,ZFR 1591,86RDZ
CA,ZGA 332,MBYBH
CA,ZGA 332,YFBMO
CA,ZGP 480,MW309
CA,ZGV 478,O3ZH9
CA,ZHV 678,9HPAS
CA,ZIZ-788,K3PE1
CA,ZJJ5087,YTEDF
CA,ZLL 098,86TSU
CA,ZMB 997,ADIZ3
CA,ZMN-947,62Y6R
CA,ZNA 012,3QPES
CA,ZNF 926,LNXLF
CA,ZOE 438,LO3CG
CA,ZOO 737,2G9J9
CA,ZOQ 491,QM3ZR
CA,ZPF 059,8JKF9
CA,ZPF 059,HACPL
CA,ZPV 817,WRBQX
CA,ZPY 017,M56V5
CA,ZQB 1596,AUK2M
CA,ZQB 1596,Z6SPV
CA,ZQF 722,8LQGN
CA,ZQX-516,VOZXN
CA,ZRI-1713,8OXCS
CA,ZRU 761,1IJBD
CA,ZRW 319,ILRV7
CA,ZSJ 757,YFQA9
CA,ZTG 810,7VMFA
CA,ZTG 810,OY30Q
CA,ZTH 885,VPVTE
CA,ZUO 658,113P1
CA,ZWW 591,TUKDI
CA,ZXD 5193,O78DM
CA,ZXF-378,FTMB8
CA,ZXG 995,6895C
CA,ZXS 543,MJRHO
CA,ZYP 914,RTV2N
CA,ZYP 914,DJ0Y3
CA,ZYU 8995,DFPXK
CA,ZZ 61410,OA759
CA,ZZC-0136,81ZFI
CA,ZZT 035,ZLX88
CA,ZZX 888,WVT1V
AR,08H 336,K2H7R
NH,161-KIB,RLL6V
OK,297-435,6RTXU
OK,297-435,X1IIA
TX,3047,W64PV
NM,6BH7082,O24LP
SD,77L•891,DZBPW
KY,9-A3339,4U5MY
PA,CJK-876,B0FU9
DC,KMH-6900,LMFUR
MT,KZW 783,BZ0HS
MT,O18 3UW,RFLYC
AK,Q 536018,C4FK5
AK,051-WPV,I6OOQ
WA,1WRN470,BXCKT
MA,687-SBG,PY8R8
OH,758 KAX,G4C90
TN,797 9OR,MADTM
WI,811 2006,5MYL2
NH,CAB U67,1RBTZ
MA,D 312500,0W8RC
WI,NPR-0505,VLSDX
MD,UPP-6553,RSCP9
MT,YPH 723,QBG8L
NM,ZN-2337,8EDUJ
AK,2-1733F,FW9QQ
AK,408A1,IIF97
AK,408A1,X4DPG
OK,5079 YG,STD51
WV,781-XGOJ,KNWL6
NC,844-124,U90WO
CA,FKD-175,X8M8Q
IL,LJV-2320,WARA6
CT,NQB-511,EC1CB
WA,QY2 P1E,QYVI6
WA,QY2 P1E,9EIE3
VT,T34 2NC,12JQD
AL,2MR 562,1GBR2
AL,2MR 562,UUT59
VT,355 YB9,JR6ZI
MO,429QSS,4E7H5
MO,429QSS,VVEIH
IN,71SI3,JZHSL
LA,770IC,NZKCG
MA,799 8QG,3GXHB
WY,C54-95G,IHAM0
ID,IG 01389,5WURH
MO,L45 9FL,TX64Y
KY,TDW-024,J3IUE
MA,038-YLW,2RGUS
VT,1R771,0C0FH
ND,448-ERR,NKUGP
OH,4Y K6242,A9PG6
AL,7D 9E5URR,CLN6W
TN,89O M17,C2MTX
OR,99-5001K,TC7EE
SC,KYM 374,XFPZH
SC,KYM 374,U4628
MT,LJH 181,PVULY
WI,NIH8470,1E7Z9
VA,VYR 994,VNSFJ
ND,WXT4879,4D0JD
TX,056NZF,CCFTT
TX,056NZF,NR6CU
NM,2HM4497,ACKFW
OK,3R YF054,M7DDV
MS,924 ACK,SN4ZM
KS,CVA2804,JOPRC
NY,FEW-387,RHSD1
NY,FEW-387,ORL5N
NY,FEW-387,QAMES
SD,QXL1088,CCE51
NC,ZDM0482,OU5XD
MD,2NQ X13,0H632
SC,3AL A51,K3MSA
WV,4DI 835,E8373
TX,7K 7716U,MPU3L
CT,FRU-8794,FR0A0
AL,NRR-532,CGFQH
AZ,SAR 609,QV3QW
MI,VZU-5120,AC2OX
OR,ZZ 19195,0M27O
MN,06L 279,P95CB
CT,072 OXP,Z372Y
NM,5Z 4556U,BCO30
MI,729 AN5,HD7D7
OR,894 LFX,1LADY
OR,894 LFX,E0L0H
MD,CUC 859,MN9JT
GA,HGZ P65,F8HFE
GA,HGZ P65,0CKPE
MS,M 754388,SMBB0
ID,QDG-916,6Z3UM
CO,050 CS5,5E4SI
CO,050 CS5,WBMN1
CO,2D GH051,ZSSAW
CO,3-35666B,Q9IV3
CO,398-MCI,5ES6Z
CO,398-MCI,F7D8R
CO,5UB9036,EVM6I
CO,62-ZS70,8SKT5
CO,CEP-7400,6XCXS
CO,R61 2HT,CJG2B
CO,S93-22F,L98X7
CO,UJ4 8575,Q3PPF
CO,YUN 657,WOSDZ
CO,ZCN 926,PY81M
CO,0F497,U9CJS
MD,204O2,TGLRH
OH,277Z2,VC4HH
WY,33BR136,3JNFB
CT,4-J7171,IR922
ND,582FHH,4DFDO
NV,922 XER,5IBDJ
OK,9HI20,11IO0
AZ,9OT 836,PSNKL
TN,JVI 461,PWE0Z
NY,LEX 809,FH0C7
AZ,NZY7920,33AMN
IL,WOS2823,LE7NV
NH,0GK 096,2BZLP
CT,419-940,4PVI2
NY,423489,W2Z6O
NH,4477 JZ,WGUTR
IA,790 DRB,IVCLP
DC,89CK5,M8UEU
KY,GHH4362,4V1M6
CA,GNP 261,MDFYF
AL,HVC 638,1FGUF
TX,JWE 366,JBC33
SD,YF8 V9E,P9CTK
IN,1JR0799,FW4FG
AL,8YB K80,B19U1
KS,KZG 263,9AM40
KS,KZG 263,2BVFH
MT,OO6 Z3E,YABIO
KS,U89 2ZH,OLH8X
OK,Y15-LWZ,EAQXU
MN,136 7866,QAIU3
NM,27-0530L,MHXU7
MN,5O 2907L,CEARU
MN,5O 2907L,PJB2G
IL,647 HYF,SZYR5
IA,7Y283,4O5M1
NM,96-XP91,OTFKR
KY,AZP7559,MRCZZ
NE,DCW-9582,HUG7H
CA,FXJ-247,C2DZS
IL,HXU 469,SXJ6D
IN,JBO2362,WTQYI
VT,M39-51L,PMH2D
CT,MR7 1565,QKZLK
HI,NIY 127,FB7NN
IL,ZCB 988,5MB19
FL,038DAP,O1SC4
NV,054-CCK,57J0S
CA,475-UGQ,G341K
IN,55W 166,ARHUV
AZ,BGD N83,JKXTM
HI,EQM-131,DSTQ1
SD,LZE-960,ZH11I
SD,LZE-960,D8WUR
IA,MA 1991,YI7I5
ID,Q05 0HC,AIX97
MS,UDQ-7248,GK832
DE,206 IKN,5LNOM
DE,255-BOY,SST3P
DE,291 0297,ACVR1
DE,547IF,RQSBZ
DE,551-UNHF,40Z8F
DE,557 SYB,GHAKG
DE,597-AYR,BJTJJ
DE,66-E443,TWEAU
DE,8IC R70,5XRCJ
DE,966-OIY,84HRH
DE,IBL-747,WQUY3
DE,JFE-755,I2O5L
DE,JFE-755,VH9KR
CO,13-69639,B1WJ5
CO,13-69639,RRFDJ
OR,4RD G13,D6OVJ
OR,4RD G13,WQG37
HI,6-84339T,M8B06
MI,783 1678,TFJGZ
MS,906Q,06DA2
NC,CRN-923,16EMA
AL,HSU 065,TWAG1
TN,OYB 781,Q8ZPT
VA,019 9556,8XT24
OH,400-EDE,O23PU
NM,558 NWC,LVGT7
NM,558 NWC,A0MW9
ID,5V VO945,WXMWU
ID,5V VO945,HUZOR
MN,66-XL72,SPS4B
MN,66-XL72,7J6D7
OH,FNU-1358,GIUWQ
OH,FNU-1358,SIP74
CT,LXK 575,QD7DC
KS,QIG 319,YJH1X
IL,SWM 276,PZ83Q
SD,XPU 085,SWQQY
TX,ZWC 833,IIPGW
OR,13-26608,W4Z9N
IA,1AN 221,QAEOW
IA,1AN 221,81SL1
KY,2239 MK,I8SUU
NH,2F M6166,QMRAN
NM,4I 0097S,XTEB4
NM,4I 0097S,RUQ46
CA,7-03036Y,SDKNF
CT,76-S249,0N0OR
WY,9HK 587,TXXXT
FL,ANZ-6086,X84KQ
FL,ANZ-6086,PRIFU
NJ,DUJ 018,N8X2A
MS,HT 8006,ZJ1L9
HI,MJS 829,IJPJZ
TX,MWF-7352,HSNW6
KS,ORP 891,QGRGM
MI,P90 8NS,17AOA
RI,SCK-592,30QPA
MN,VNX 8215,0XPKD
RI,394 THI,MPSWT
RI,394 THI,BFF5I
ME,464 5JX,ZCO45
VA,65-GX25,7ONQI
LA,71WW2,3C2VK
LA,71WW2,KESTD
WA,875ND,MLKMR
MD,NTI 736,T2JD1
KY,RJF-646,32U0K
NJ,SAJ-973,480OC
OR,TKK2166,NO3EQ
AK,YZJ 550,CUCQF
CT,ZWL 647,CDJDT
AL,0QC 674,5ODPM
AL,0QC 674,8PE3A
WY,1-76708,QYP5I
MI,1888 CN,TW3D6
AZ,3F 20150,QT2UT
AZ,469 MYJ,4C4H5
AZ,600F,QBQRV
ID,767 BQK,FVCK2
MS,CTY8719,3CI1F
ND,HHH 149,GISB8
TX,HWV-3397,4JCXF
IN,X06-IUC,ZKY1A
RI,ZQW 622,W56Q1
MN,115926,CBRWO
AK,11U 554,B6X6P
NH,16-KM68,IDYY4
WI,196 KAD,VHI8H
WI,196 KAD,SE90A
SD,44R LJ7,9P01G
VT,656QN,XCIMK
NE,94K 8095,C5S06
RI,A81 0ZU,6CD3L
UT,CB2 1717,XW3N6
MT,KTN 675,GMF1S
SD,XX 7333,PNG8X
UT,135 6WG,K87YL
IN,5ZA B94,9UWTF
AR,958 BNL,BS549
AR,958 BNL,ZDHL6
WA,ODV 562,83TIE
WA,ODV 562,0SZT4
VA,VKS 587,KEE02
NY,024GWR,Q4HY8
MA,10ZM9,TNX3M
AZ,499-JNNW,37LRS
UT,6UL 095,W697R
NE,824 ZQN,AWKZ1
NE,888 1668,DPWQ5
TN,ESK 988,YEG5I
AR,KOO 478,W7KOO
NC,MD2 F8U,7MJRP
NY,PBQ 530,VDD78
ME,10UL5,J8BFE
NH,43Q•366,WVYOG
RI,708WQD,9NB39
IA,LXP 027,Z20RE
MS,115 EJJ,TDOT2
CT,146-270,JKCG6
IN,36I W79,QK8J3
IA,469-JQB,I49CR
VT,79A•295,Z290U
VT,79A•295,3IK4G
NJ,E73 6CR,1MRW2
MI,JY 8158,FJ0N1
ND,KK 63764,JGR1Q
RI,MVS 599,B07DC
OK,REB 940,Z53RP
TX,VQS-7390,VOLYL
CO,046H,4J7O5
KS,11QO4,AVLMD
CO,155 DKI,IKRNK
OK,233 6DS,KL3CG
CA,2E I2071,ZFJ38
ID,3Y 7W6KZP,92GOK
NY,783 EIM,NBRMN
NY,8E R2626,O2UCQ
OH,9194,R5REE
MN,HGO-311,UN7D2
LA,LBP-688,78GPF
WI,Q97 3AR,J4B39
FL,RCI 616,9L70N
FL,RCI 616,UBD56
TX,387LXI,CQJP2
UT,5CQ7968,6PNEP
AZ,666 ZL5,3MHV5
NJ,8BE H23,TQU0V
SD,8O WP737,W3LVC
CA,963 PDS,HJYC8
MD,KDH-7851,4KNPS
MT,KNM9567,B3WRQ
AZ,RGY-5153,O4YIJ
IA,ZGR 265,JGZKI
NH,440 RKZ,QMMWD
ID,72-3247B,UTNC3
SD,852-064,BZAXV
SD,852-064,R9HR3
OH,91A H16,OYA6C
MS,GBP 846,MK7BI
HI,SAM 251,DCZFQ
MD,YHY-720,U1G0V
CT,ZJV-2783,T8JDY
NH,ZRV 148,ZS61B
MA,0-K3060,S1L56
WV,411 SS6,F52LT
HI,73-5889K,Q73WQ
CT,80-H214,PNXTP
UT,CWP 694,TL724
NC,WNM-8426,T85X9
MS,WQU-1157,5MDLJ
AR,X97 4OX,XMO98
ND,035 MLU,1QK4D
OH,137-OJY,1K42K
UT,3CJ 419,6TKFT
AR,5052 VC,JSX1I
NV,539387,GZTJP
DC,6L 4H0STZ,YM82Y
MD,71T 9025,SOGEL
WY,932 BIT,FE1G1
TN,95-79220,K3DKJ
WI,IQL-419,J73NW
WI,IQL-419,007GQ
AR,JWG S43,8FZE6
MD,K 568543,1QDY7
NE,OCC 225,UI4D6
NE,OCC 225,55GU7
DC,TC-5673,9DGGH
VA,XUD-1764,M71UL
GA,054-UPW,V9T21
GA,205 ACJ,DC3E8
GA,218 LWV,8WMW9
GA,218 LWV,M1VQR
GA,229 VBL,UY5CP
GA,54J XJ5,BFO2O
GA,58-53755,9ZL8Y
GA,716 OZI,YUFGV
GA,IGQ-0961,CZRGJ
GA,LAS 649,YSQEO
GA,MOD4876,GQPOO
GA,OER-801,9NJO3
GA,Q95-40O,87DLU
GA,Q95-40O,JAXNY
SD,22-S839,0O0K0
AK,43HK2,UWZDF
MO,4RS 976,RF0D5
NY,5G YS439,ZEUSY
IL,811 WGZ,KWVWH
RI,986 KGL,4I9E7
IN,FF3 4621,WSBWH
MD,FIF-6724,QA069
MD,FIF-6724,EXFCK
DC,LVP 111,6PI7K
ND,MVW 501,C1U4Y
OR,PJT-7675,T37XQ
NY,SWI-918,U9LL5
MN,047-UXX,ER6DT
AZ,0H OW132,23FD9
KY,39ES1,O0JDA
LA,3HG41,F3QNB
IL,711 VLQ,RYPQY
MN,7O 58154,QBKC0
DE,8530,OSDFW
NY,857 IVN,H6WXQ
MT,99V 4195,90YS3
MD,B85 7HK,RB96W
NV,JLM-911,90P0K
HI,LYE-1864,GUSJG
MT,MPT 831,LS3PK
AZ,OJO0132,LCVES
NV,P69-SNH,YHDT3
UT,ZTA 862,RVYIF
NY,28SB466,0NOQ8
IA,376NQG,85K7D
OH,536 OLX,Q98ZO
NJ,705DT,79FLS
GA,LBQ 516,WU31D
IL,XN5 L7Y,SIKQI
SC,28G 3715,DT13Y
OH,63J O82,GQ4X5
IL,847 FPC,JUMM6
VA,984 RRA,QL0UG
VA,984 RRA,S6TJF
WV,9LA A99,UFLXY
WV,9LA A99,2IKZ9
KS,HKL 720,A2JRQ
IL,TGV 9866,0IJE5
IL,TGV 9866,TQV0P
IL,TGV 9866,FGUIF
TN,Z20 2BM,Q1W4Q
NH,315EF,4IT2L
AR,407AGM,TRWGS
KS,807-HSK,K04GS
OK,8VCP134,176Z6
IA,95-Y097,F5NR8
LA,JO 35988,KQRWE
OR,L06-SKZ,TM3DA
DE,MZY 506,B9FNA
IA,2HA A22,ZBJS7
RI,399-LUH,SBK3Z
SD,674-IHZ,O39S0
NM,6UD3778,SJ98H
NY,701-MSY,0Z4UM
CO,ERF 840,OHZXY
TX,RWI0807,OLLXJ
IN,ZLR 068,TTFTF
ID,09-7382L,DAOFJ
OK,11WH8,VL0WF
NJ,162K7,VF7QU
LA,2KC S52,3GNBJ
WA,539 VOY,QH3HB
GA,57-N085,GJWYN
DE,5D 89884,Z0D2C
MO,689-877,SB6S3
MO,689-877,DTNML
OH,97Q•872,PH9B8
OR,C30-OBX,007GA
OR,C30-OBX,Q3G0X
CT,COT-3855,A0NZU
HI,PE 5303,MH6XI
NC,W39-02L,52YCK
IA,ZOX 586,13JTZ
IA,ZOX 586,G3O6K
MD,ZTB 393,ATB8C
VT,329 MHZ,FF9DS
VA,4-B4244,SZCYH
AL,710-IKH,H2O2Z
NM,750-DQJ,1T39Z
SC,778W,XKTE7
ME,8-Z2566,OKNGF
MA,945-XRQ,8VN3Q
NC,949-YXZ,VS57S
RI,9KB U43,WTJMD
AZ,D 181190,YIWMN
AZ,D 181190,ZD3V3
CT,KHY-245,32MN7
MI,NL 9098,BVI5L
RI,SVA-3790,9WWA6
MD,0K 88417,T7M3I
RI,0V PW243,TA4HP
MD,103L,U6FGU
MI,204 IBY,GWP36
OK,219-HVO,5J1L3
WA,556-BNU,FCTI1
MI,5TT 070,U3L5F
RI,7S271,UMAH4
DE,85WH908,PGK5E
MA,990 4411,XE51Z
SC,9V P9731,QM72L
TX,MAW 616,W2OAD
MI,1JA5540,V3ZCW
CO,320 1AD,SYJWV
CO,320 1AD,KTHFX
CO,320 1AD,RMFZ7
MN,5-L4122,M9RZS
LA,5706,SBZIV
CA,5ZLF 58,UFQ8K
WY,7K855,RX2DO
NY,871 XOC,HR35R
NH,875QI,NR7C6
ND,89T BQ2,MWQLG
ID,MNY 564,SX596
SD,TVA-8514,WK1QW
CA,UNV0796,W3MT4
CA,UNV0796,HKQJE
RI,XJC 175,Q5J4V
GA,YUZ-6486,Y9R0I
NY,039-291,VKELO
WI,062 YBP,FLFXT
LA,1602,3A9T8
AZ,288UQA,ABNDV
NJ,60AK389,Y49E7
WA,6Z 15306,HAAGO
CA,7YFM 35,O17D0
DC,85C 704,CZF44
HI,882 VML,Z9GG9
SD,DPP-7546,P9FXA
TN,EEA 531,IPS0W
NH,FLX-8299,49949
NC,NWQ 924,GRF4S
KS,ZG9 J1M,2B0BN
NC,ZWU 552,2OS55
CA,020-KSP,E3HT7
CO,294 9155,OM3XA
NV,53-6277V,D9MR7
WA,570 YRS,Z9QL0
AR,7-86660K,PZL28
NJ,828 ZUM,ZJ2MG
IL,82R 052,HJ66O
AK,834-779,BZYME
AK,E86-63C,DTZUY
AK,E86-63C,76NCM
LA,EVH H07,F2GOD
WV,497 OTL,J9A97
WY,PFG-698,JM7HO
CT,ZKQ-5062,ZOXZF
WA,225 5963,8IS43
WA,225 5963,STB0P
CT,3-4003R,ZL8TF
UT,3454,LQMW6
UT,3454,5YLXS
MD,3XA6341,PZWB4
GA,7MF 714,ZEPRP
ME,7SD C83,RK09F
RI,810 PI8,6YGC3
CA,MLT-1047,7D0KP
CA,MLT-1047,C91KX
HI,013D1,2L965
OR,254 KMD,AUYK2
WI,2YG 988,ARYUM
MA,364 1214,JMM46
OH,3Q 18289,75UQU
PA,4-26798,V4E5N
NY,47E F28,UQNWN
KY,6-N0641,FFGM6
NH,79-8211L,LI2J6
NH,79-8211L,M3VAU
DE,8TZ 237,YMYIK
NJ,A91 0LX,27ABQ
DC,HMB 138,GS65P
MS,LOY 057,NMQIJ
ME,N88-RVL,0J894
CT,NCV-5052,GQV4G
FL,TLH 365,5W61H
ID,2-0786Z,I97IK
ID,4L ZJ759,Q4V32
ID,56-77710,J4V73
ID,631 MQS,3K3ID
ID,786 YLE,RMGGV
ID,JEF 364,YTZHN
ID,JEF 364,ICZWD
ID,T86-72O,00400
ID,V44 9RH,F7YTA
ID,YHJ Y94,T39YV
ID,ZCH 430,7BU11
FL,033-804,FB546
AL,034 HZ1,ZD7FM
ND,2610 AL,FRM9T
VT,4SD 583,ECOXA
KS,7GY 696,W73B2
ND,807UNI,T30QJ
PA,849-GER,DVVFS
AK,997 5277,SZ33U
ND,AQW 268,9HNIW
MO,B61 0LI,AQZJC
WI,VZ0 J5R,KIXX8
IL,205 NUK,R7PH7
IL,20S A68,55RP5
IL,388-VHT,V2M4M
IL,4GT2655,RBHAX
IL,7CW5480,Q6LY0
IL,7Y 8502I,JQIC0
IL,OZV-428,S12RQ
IL,RZO-924,HHKNN
IN,1DY 938,JAFVW
IN,42X•964,QRB3N
IN,4EP F18,071R3
IN,4JU0390,G2Q4I
IN,848 ZFA,DOW9Z
IN,8541,BL1LV
IN,A20 9AD,D055T
IN,J59-93W,EGHVN
IN,J59-93W,KXAQM
IN,X21-86J,E27EG
IN,113-594,P4QTQ
MA,132ATB,0XILO
OR,1Z OE502,WCD6L
MO,3928 AC,LOWL6
MT,779 PKC,Z5LKI
SC,7JXL596,KXAUG
MN,7NX15,8D763
NC,906 EFD,EMML8
NC,906 EFD,LF8WM
SD,94-E537,HV56J
SD,94-E537,7G30P
NM,R14 7YK,N28FZ
PA,TLX-664,7K5TS
ME,VBY-0307,R7ASW
OK,YBB 981,DGKJQ
DE,0VL 873,D917L
IL,153-WEG,XMAC6
AL,48Y J24,K1DMO
GA,L80-01L,NL2AE
GA,NRG 175,EJS8N
GA,NRG 175,B9F3A
PA,1-48696M,CVO49
NH,325 CAV,UML0P
NM,K09 7OS,2PVC9
AK,SW-2298,G40RO
VA,XIA 706,SLPZI
WA,XJW6275,7E7NO
PA,222-JIB,6DW6U
NV,37-28168,KQGXJ
CT,448341,IFEUN
WI,698V7,TY6OR
MA,82R XZ8,8T4RF
AK,BAM 605,7XR98
VA,JTR-642,IB4H8
CA,O 885959,EODBY
WV,ZJM 237,27PAW
RI,071 FDH,8K674
ND,088 2759,YA1SW
AL,3S 5Z6FAU,XR9JJ
MO,5BOO952,44FER
NH,6LM G79,4KAAF
SC,76CO7,CPR6M
NY,9GI P14,Z99O5
NY,9GI P14,GY40X
NY,9GI P14,NS0OC
NY,9GI P14,D2HZ9
IA,HXE-798,45MFB
NC,0TI1064,N81G1
HI,744351,KPLJ6
KS,766UUL,18IO7
ME,85QO6,A0T2E
ID,AYK-2321,WKU7J
CO,RWD-900,QGI6R
GA,ZR 35009,8IGDA
ID,4-40039H,C7X9T
KS,5-12745M,J8YPW
IL,5791,B41K6
AR,H48-EWC,M4XIF
NM,QQZ 699,KZ91O
NM,QQZ 699,UNWVV
RI,WMJ1658,NLW1W
AK,WYZ 9459,77DVH
ME,1ZAQ142,URKJS
OK,373RJV,T9AAN
ND,3O NX288,AE9MZ
CO,3S 15905,S4D05
MS,44-80976,QOCKB
MI,9NTD 16,VSVTY
MI,9NTD 16,1ONNY
OK,ERX-9111,DOMET
NC,HYC 127,5SPW2
CA,MOY 456,0XRW3
ID,SJZ-645,WZT55
AZ,V73 2OZ,U8NCL
MD,V75-13Y,J8EBH
VT,WBE-7960,6I2TW
OH,0-O0970,9HAR4
DC,07H•711,FOS1J
AZ,2HC4704,R43HB
MI,385 ZBL,OWF2A
CT,DM 5014,J388C
CT,DM 5014,NZKYN
NH,MBR-2131,K8UA4
WI,POK-636,Z39EE
OH,012-JSU,YTL8M
MA,0M 19662,L12SR
CT,109 LLU,8L9L9
FL,8CU 729,63OOQ
NE,GH9 S5M,PQJCS
VA,HDQ 014,KSM07
WV,KIE 382,D1986
MA,KRP 093,17KRR
WY,MAO 874,76CBT
DC,MKC-369,KIZBG
AR,ODB-1665,2I51L
AL,OHT 179,0P5W0
AL,OHT 179,12UQM
NV,VLY 710,0JPK8
ME,073HHJ,Y3WYU
IA,33M X71,QRQ54
WY,43-WS50,9WG9G
OH,48-NU25,UPAUX
AR,6XU9593,N874P
ND,90N 402,SK4KI
KS,LIW-446,NAKB2
VA,LUV 543,K9GDM
IA,OXV-0523,6GC3S
NE,QBY-232,QMOR0
MS,RKJ 276,DVRKF
WY,ZVR 8971,2IKQN
OH,1982 FO,5IIYT
NM,250 IGK,QLP43
MI,284729,XGIEZ
TX,2PU7008,IMF2R
TX,2PU7008,QUZ4U
NJ,414-XZAJ,GXNJS
WY,49U HW8,EFIB0
WY,49U HW8,PFCPO
NM,686724,XOVBK
AK,843480,CW457
SD,9TT 986,W5SNM
GA,FRM 655,QJSQJ
MA,LLJ 381,1SXKW
IL,OLO-484,WIJZD
DC,QZ 4551,VWWV5
WA,135-PBR,32PAX
NE,275 TQQ,68T3T
ME,301-ZIW,N17HT
NC,3K 8J2DIU,8NXJS
NJ,481 MBW,27PTC
NJ,481 MBW,0KSMN
CT,487-SKB,57EOG
SC,4N 6F2GSF,92FT4
WI,655-VLE,FKII9
MI,815RO,MTKPO
OR,86-J623,D5JTT
MD,BRI-0487,E9T78
MD,BRI-0487,8AFCN
MA,CW-0514,JICR3
OK,FYU F12,7KZO4
CA,LDO 360,VVB87
AR,UW-9867,2UBZ8
DC,00V D04,VIS1M
MT,113-NQC,IKH81
TX,169 6YW,7FMHD
PA,213-WOZE,94WVD
NY,343-XTJ,0TA5F
AR,3F 8E0BHP,HS7HS
ND,3NQE 49,CFTUT
MA,431 HZV,BCS4T
MD,6QZ 647,6K09K
AR,7646 PQ,DQXH4
AR,77R TT2,XNX9O
OH,983CZP,AQXI9
KY,CAZ 541,S773Q
KY,CAZ 541,OH66E
VT,FAG0170,MIWF5
WY,ZP0 9105,ONQ8N
WY,ZP0 9105,FU4M0
NC,1-M2214,N60CD
CO,17K•417,6KHRS
NC,1B 7546T,ZXEDS
IA,60-3436D,IY9G9
VA,719 9AN,XWEDZ
LA,810-371,IVTTC
ID,842-VIZ,MGXF5
MT,844-DLW,O9413
GA,BAI 6812,FG1B0
NJ,DCT-3878,4FBI6
NJ,DCT-3878,NYILX
LA,LWR 197,IY5WA
SD,X25 7YA,5HW4N
MD,YKM-1991,HWZH6
ID,ZNS 650,EU1W2
NV,011 SJC,7HYIW
IN,0AN E79,00WNZ
PA,291 GG2,1U95U
CA,3-Y3841,D3QCH
ND,453HL,ZI3K7
MO,459 EAF,83CDB
NM,4EG 794,Q49MN
CA,7-M0052,2GVNX
WI,774-ZEL,OLRCD
AK,FPS-935,DY05J
ID,GSP F51,EWIUM
MD,IQO-6938,B2Y1Q
LA,JSY 635,02C6X
LA,JSY 635,LAU7S
MD,141-LDN,6OZK4
NM,2815 TW,JSMNN
VA,518D7,2W09X
MT,806 EI3,069NJ
ME,874D5,OJ4DZ
KS,88X•470,OHZIM
VT,980 FH5,7NJXQ
VT,L05 3GU,SM0SC
VT,L05 3GU,JSTWK
VT,L05 3GU,45T8O
SC,LUR 925,XXT85
VT,NVX 507,23ASL
MN,Q84 6XU,MKTEZ
WY,WQX 168,MBZ8A
LA,059NEQ,5M8DX
LA,249D,K7EK0
LA,57HR982,EFXQM
LA,82-88836,HG6LI
LA,892W,81ACZ
LA,922-KSKL,89VUA
LA,998 3KV,DPSBS
LA,9K 12583,9X2X5
LA,BCI-175,BMY67
LA,NRN-434,N25U8
LA,VTC-721,U2ES0
HI,325SL,LOKVP
SD,5-3383B,LGQ7Z
AK,624BX,C32YD
AZ,68ED012,X29AR
KS,865 7SW,98LWI
LA,9OL11,SZ01Y
MA,9WD 925,4TBOF
NY,KOV 011,GNQ9W
WY,MHF-3437,32IN8
OH,MXP 866,RDMDW
MD,0-J6590,8BRMZ
CT,13CT600,ZQR2O
NE,2KU 957,PKDHJ
OK,3FU9678,FA8E3
NY,6C 42584,3DF94
CT,ADO 413,RCFYV
OH,C71-54L,A5VWB
DC,FGU-5288,YLA6J
NH,SKN0719,8IAB1
NJ,017 UMY,KK6IB
MD,149 7KA,06E46
WI,32L•658,Z1351
ND,6-53688O,FKDKR
MA,AL7 5793,JNAOC
IA,MQB 637,KCYIY
VA,089RN,P12JX
SC,59AC9,8AVVS
SC,59AC9,RSR66
TN,8NE 634,ACSUD
NV,J82-74S,1YS0I
MN,N34-32W,V1IGF
SC,U20 0TH,N1BJG
NM,27H•817,G3XGW
NE,2S J1847,WKDF4
NM,3-62895U,ARGSG
KS,30K T65,73992
SD,396-JNM,VQLN0
WV,57H DU4,HMPQR
ND,9IME 75,K119F
TX,E91-54B,WISUE
ID,M46-OFK,S7XP9
MI,NZB 275,BPFIY
SC,OAL 915,A4AW1
SC,424 9OF,DM1I0
WI,545-KFI,U5WUX
IN,685-CDRF,JLVC3
OK,937 0VQ,CYNR7
KS,CJZ 727,G8DXF
AZ,IWP-7599,6LXBV
NM,LZY 871,JZURG
UT,PYU 295,1FWQ5
UT,PYU 295,JVN1X
WI,TO9 2295,90Q8X
MI,1-3484I,B2ER9
MS,164 2GX,STJPU
AZ,406 QNW,93TH9
AZ,406 QNW,R624W
TN,6LM 948,TVQIO
NJ,8-Z7602,NJG84
AZ,97-9474D,A9HEH
MD,QJT2421,RUBIO
MT,ZYQ 930,V3FIM
SD,186 PRZ,UAFEA
WY,4G BS804,GA7ND
WI,705 XGT,4DZTJ
CO,799-ZJCU,FOC3C
NM,7A 1713F,SO63F
HI,8-6948W,2OIO6
SD,LCK 050,6P54A
IN,LPA 381,X9L36
MA,0VQ33,TV2IQ
VA,2SIM 14,S8FF2
CT,456-REK,5AOX8
WA,56L WR1,IHK1R
MO,625-HIKI,EX9AV
OH,641-DMA,HJCEP
ID,HHG-293,WUR65
ME,LVN 917,VPRN0
ME,LVN 917,1ZZQG
MT,MVJ-2972,3DECZ
KY,UF0 3670,ZTS76
CO,VSX H03,Z3TDQ
IL,XYU-7003,PFQSS
NM,0AH 700,EZP3I
PA,325-SIL,VULPR
MN,409-632,YIRA3
WA,51-ZE73,J48UV
WV,59-8183D,URI2Q
NE,7HY R74,BGPHU
IL,8-05534,YMDYG
GA,857 RFA,2IJQ0
NM,C 845766,U8OHU
TX,TAV 440,DTFF0
VT,TVW 295,FRHYC
NY,V59-FEV,Q63U9
MA,13VL3,21S01
MA,13VL3,ZR2U6
MA,19N 348,GY0KK
MA,20-2586K,WI3Z8
MA,2312,3C98L
MA,562 1NQ,RIOJ1
MA,69T FX3,WS2HS
MA,ROX 0365,R17HH
MA,TQK-4182,MAF0S
MA,TQK-4182,ZN6KL
MA,ZDN 339,M4TPK
WV,89UU092,YA8MS
WY,94-73001,RGA2G
WY,94-73001,MRCM5
ND,MCA 030,FQ260
MT,WWX X51,20NYJ
MD,2380,OBZ5O
MD,590-NPQ,UIMGB
MD,607B6,I7VAC
MD,892-YHZ,ED0SR
MD,8CT0415,YE05B
MD,906MMX,FJ8S4
MD,HMA 346,GO8B6
MD,KEF 386,FGWKD
MD,LCS J30,4OAFQ
MD,PMX-0258,0610S
MD,VVL-5629,JDXPX
MD,WUX-533,LSTR3
ME,00R•331,UVVW3
ME,206NB,YBXQU
ME,345-SLT,YGXF1
ME,466 5DH,7PU7C
ME,6BC6322,T3730
ME,774 YPJ,GWPT3
ME,809 IQL,4ZZW9
ME,809 IQL,IHON1
ME,EBC-4386,KBV9N
MD,194-XBX,19M5E
CT,2-20773M,HNOGA
WV,264-MAL,KMSQY
WV,264-MAL,2AHQ9
MI,4R F4913,GRFKU
ME,68TU3,T0L95
RI,6U N0725,OIZD9
ND,7U 2713C,PZNII
WA,962 EXK,BHPDZ
NM,979 HIZ,G4VZG
VT,C90-HPE,S8S8W
AK,ESD 846,KY5SI
IA,F09-35W,CP4JE
SC,VPW-8637,FJQB7
WV,WKG 579,IZPBR
SD,YLM 959,A5QE8
MA,3-9546S,9BZ9I
OK,33I TY9,8IUR5
WV,398 8SY,H5ELZ
ND,526 PJD,XKBQL
MS,56H 5823,HDOG3
MS,56H 5823,GX9LU
MN,5O 6795J,EXHAB
ID,708-GNW,8PS1L
CA,878L4,HLOA5
WY,904-WGQY,OAYOH
GA,940 ROV,7UHZ7
DE,ORI 606,XO3DS
AR,ZEF1278,UA818
NM,18B•658,6GNWQ
MO,285-CBZ,DYQXR
TX,4-93251,KFCOW
OK,454HYX,37JFY
FL,52-DC22,UQUWO
NV,73-18124,RISDK
AR,ASQ 312,5NLT7
AR,ASQ 312,T4NZQ
RI,LJA 571,3YKS3
NY,LLD 368,PJ126
WI,MAY 243,B9XOD
WV,XVY5802,VKLZY
WV,XVY5802,KB3CZ
GA,YX 50338,CA9WO
AR,109-IMV,UB1BJ
IA,17-YU45,GGUS5
HI,413 QDZ,RGKT8
HI,413 QDZ,4S5OA
TN,5L 63246,H36SB
TN,6T010,9ZHJN
MD,8P W0901,LIIYJ
DE,F80 2JV,HG614
MN,HCM 409,KMD2W
NC,SWG-306,PXPRJ
GA,YC0 9380,MJA5S
AZ,565 LXO,A5K5Y
AZ,565 LXO,HUFJG
KS,56BF601,HZR9U
KS,56BF601,UN6KJ
MI,CAU9196,EDX55
FL,FQO-2012,J00KC
FL,FQO-2012,7C18Y
NE,PI-1930,7P6RO
AR,WRC-4520,ETXCQ
AR,WRC-4520,YEYGU
AR,WRC-4520,CFULD
MN,03U 9900,5ZJY6
MN,1XG 863,PZR2R
MN,4K 0825F,SDLE9
MN,9613,8I2TB
MN,994-ZRD,QKT9C
MN,GFZ-1860,UM4F9
MN,HQM-8316,87LD6
MN,KCH 367,91H9E
MN,LNF 546,UDF2R
MN,LNF 546,ME575
MN,NEC-7497,YWZDX
MN,RTQ 699,S0C1U
NY,182 JWU,92XBK
WY,31J 5518,EAXNR
AL,392 1MT,D91PJ
NE,516 GPV,GMLU5
NE,516 GPV,DGGPT
FL,657 ZNP,0STVI
OH,673EFZ,9R1KW
NV,6T 3703Q,Q30Y6
NV,7PY0216,NQ93S
MD,882-SUY,YUQSE
SD,93-38476,Y2JR2
NC,EVA 506,5FBUA
AR,OEJ 232,0ZYMF
UT,XBZ-6150,5VYKR
IL,ZSW 417,2B5UN
MT,316-PAT,9KB0Q
MT,3W 5Z5COL,E7ZIX
MT,4W NV772,8ZW1G
MT,54-69010,JZZJB
MT,550 FWM,P7BF0
MT,550 FWM,26VYJ
MT,567XH,H9BLD
MT,8-C9015,VI0RI
MT,83-T802,BRX05
MT,9U 5047Y,A0FJW
MT,AQ6 6641,WTYPB
MT,MJJ 395,TYKGO
MT,NEE4960,NAIZM
MT,OZS 425,YZMJM
MT,RUA-0553,SFJ0R
MT,RUA-0553,7EXWH
MT,ZTV 042,DJZEL
MT,ZTV 042,BB6O6
TX,035 8VG,H7TFE
KY,228 OBO,VXMHP
RI,230KZ,9H6R8
CO,2LB4630,9MFPK
WA,4P 9591E,2DAER
MA,9370,K9BV0
MI,963 9VE,WDTWG
NE,985FU,PL7MN
NV,FNM6360,XOBMU
LA,G24-TSI,XMKU9
LA,G24-TSI,M1HBO
NM,NLN-0853,327IB
AK,WM 75823,5F1BR
MI,114AX,O3K5X
MI,114AX,YDZRE
HI,1179 KL,SSFNN
AZ,22QO3,AOBYO
GA,7-84711N,RV1U6
GA,7-84711N,DBGNW
SD,9T 4G2EJN,PF3AL
NC,EK 72868,GGL3Z
SC,IFM-321,YOEA0
AZ,WQE 312,9RV8N
MS,5SUJ857,6U3UC
TX,717F,BMQNA
TX,717F,ZFTE3
NJ,71V 969,W9HTL
MO,8VT62,96IS5
AK,CCS 364,ZVN3P
CT,IXS 649,Z791R
KS,KAI-4056,P4QJF
TX,1XQZ 22,PR0B4
RI,2-73437,E08IM
NV,21-25087,NGFRN
HI,327 NEC,XKXGL
MN,5X 58375,4M7OW
KS,798-589,JCSN0
MS,BYW 226,JT5IB
DC,VEK-339,J6ASG
IN,158C3,YGSRX
IN,158C3,VJC4K
IN,158C3,H8BE5
SD,28O BI2,09UDO
SD,372 GZ9,RQT1B
OR,4VO 419,3FUSE
WA,5O 0J1HXZ,WJ8LW
VT,793 IIL,E4C5X
LA,CA5 J9J,R21WM
HI,DWA-9503,QOEP5
LA,FNE 369,ETCHL
AZ,FSX-206,BKANO
UT,OAJ 527,TAP68
DE,061 RCV,J42VV
DE,061 RCV,JBOZ4
MD,2SX9034,5MWNO
ND,61-OY05,K611F
ND,61-OY05,SM348
MN,71-51095,K46CR
MN,71-51095,5WPF8
NV,767F,OHPMP
ND,78BZ047,QRX7M
VT,NPG-158,DHN6V
ME,33I F64,MEDC8
MA,431-CRU,I2C3R
TN,4GA3926,TMFV9
IN,539-BCM,GYMPV
CA,59-NW02,V6PGR
FL,624 RS1,1SH5N
MO,67E H14,N09SJ
NH,71N EW5,NK0PF
OK,72-5269T,PNTR7
OK,72-5269T,ACM2U
IN,789 9SK,ODH0L
RI,8HS 107,CHYB2
MA,9K249,9983C
MA,9K249,KZ14W
FL,HIW-7021,KMK3F
ID,KLW 455,U1OPI
IA,LUJ 580,FF0UF
MN,MHT 198,OWDJI
SC,VJI 5991,5QBLE
NE,202-BYT,HDSGS
NE,223-SNR,SM9YZ
NE,3PF 166,ZA38Q
NE,7AM W54,MYZDJ
NE,7AM W54,EYNR6
NE,968UZ,NQPS0
NE,968UZ,BPXJL
NE,AJC-6793,VWX7F
NE,EDU-2299,ULZ43
NE,IMG-930,HD10V
MS,164 YZT,0T10E
MO,1IVB458,2FIPT
IN,641 NV5,60Q4H
WY,658-814,X2MYO
MS,671-OYC,KE3O8
HI,68-F557,OAIXM
NM,8-0833Y,RF9BT
NM,8-0833Y,PTFVP
PA,8OZ V10,XJLZD
IA,9-S8381,OTCZF
IL,9GN Q32,7B962
AZ,DFB 8896,UNP3L
OH,MIJ 117,VU6GK
IN,PV5 I1W,VXP1R
IN,PV5 I1W,QEEUO
IN,PV5 I1W,1QOHW
NC,UJ2 7313,9XKV3
NC,UJ2 7313,AVCIL
IA,10C•000,JU4V4
IA,10C•000,6CZ88
OH,15-7646H,6PHRW
TX,290-XPM,PILRV
TX,290-XPM,C3VBR
MD,351 RI3,YXVKL
CA,383-747,IRJRP
OR,746-263,XN0DF
OR,746-263,GLX1O
UT,782 3HJ,QOGE2
UT,782 3HJ,1OMCT
RI,7963,HW29B
RI,7963,IDANO
MA,CIO7338,33QBI
OR,LJQ 480,DC8T4
IN,TCX-7368,KSLP1
MD,XRN 129,25M7P
MT,ZJU 010,JSPY9
MA,0-R1848,SXV29
IL,162-NCC,H226O
KS,27-J160,UHZHG
KS,27-J160,Q16HF
RI,362485,O06WP
DE,45-79660,XM4JB
PA,491-JGD,QAW2P
CT,629 QRF,UOTK1
TN,6K 5B6WUD,Q9JF4
AR,2-49309,I8LB2
SC,20-79067,B64DW
SC,20-79067,0CZE6
ME,3054 XB,12FMK
IN,424-QWG,7U27M
TN,437 PEB,SM6DW
VT,7R 4595J,XLXRN
IN,HXM 509,S4QAC
ME,05C•206,DSLHX
VA,0Y TG381,4223C
AL,302F1,11BJ5
IL,352 HGO,29JB4
SD,442V,LL650
NH,544PDZ,99B28
NJ,6IL 668,BG3XC
TX,9EDG052,SGIAB
WI,KIN 766,3GWDD
WI,0007 ML,WNPO0
AZ,216NUS,KVCPU
AZ,216NUS,JNW0O
IN,278 ZRL,8B2FA
HI,2ZI6839,E81BQ
HI,2ZI6839,IXEQQ
IA,34G•685,WYX1E
KY,81HM059,9FUHS
WA,870 ICC,7PB94
VT,940 KQM,98IT7
AZ,967 QUC,OO0Z1
AZ,967 QUC,PRQD4
NH,IQY Z37,Q09WO
NE,JW7 3176,KY2LL
ND,O72 3HL,LFP9N
NJ,P04 9QS,YDLFY
TN,S72 8UA,3NRG2
TN,S72 8UA,KYNVG
FL,03-R622,Q9C83
MA,2-6020H,EQS4S
CT,443-CWC,GBPKA
OR,642-JPM,93T9U
VA,A11-THC,WLOCP
MN,D76 2PV,L36YD
GA,GA 2157,CET0D
IL,HYH Y15,ST8XD
LA,MTD-139,1CJ4Z
AL,TBJ-6179,I9C5H
NV,ZNB 326,9J6OZ
MI,ZPD-5761,Y6A6U
IL,4-2011Q,25XGP
IL,4-2011Q,WGEPG
NH,6HO D13,ICPQZ
LA,7Z 25620,PRXA6
LA,7Z 25620,AKO5N
DC,974-XVZ,TP9AI
UT,HDP 667,0JLQ0
CT,LBX 664,PZ6YJ
PA,100 UAM,OFTY7
PA,5VT5026,RLWUB
PA,670 NNX,61X5H
PA,7-L0169,ENA2S
PA,96-90492,9NGOL
PA,QBU 9752,9F856
PA,SUO 782,JHPCG
PA,UEJ-0130,6M30A
PA,WND-5530,67LDL
MT,1ARC 82,52PJL
NE,1SE4817,4Y5ZH
FL,29-64677,PHALU
FL,3-20528K,E0FAL
IL,4C W5264,L2A2K
IN,8P 66615,YOUXB
CT,NNJ-223,2L8XD
AZ,WWD-6301,3WHU3
OR,WZY 099,20B3F
MN,0RP S24,PLP53
OR,17Y 561,683NO
AK,340O,LDBKV
WV,62FA809,O8SLW
CA,6O367,Z7OCZ
NC,EGS 471,PF3BS
NV,L64 1YE,2NC86
GA,NAO S26,XM7T0
ME,ZZI 192,Y4F3W
ME,ZZI 192,RYAEI
CT,060-LVP,BQHN5
UT,64C PN3,ATCP1
VA,6752 AN,S00SO
LA,773 FXI,G3QMM
LA,047 JYK,BGX12
LA,047 JYK,9ASA8
MD,1AQ 864,JPDG3
WY,382 JPT,KM5XU
KS,616 7IX,634GY
HI,652889,4LM00
LA,833-KYQ,D8ZLF
RI,D21 7YR,QUQVS
MN,11J•698,S3TZ5
IL,44-LG89,V7ZPX
LA,5OYP593,RH155
IA,7N 90568,RW4NZ
VT,8301,4YWJT
KY,958-JBB,QGTTZ
VA,CZG7833,0XWSS
KS,ED-2390,36ILA
MA,EZZ 178,Z6X8K
KS,IXQ9613,R5Z9M
HI,UBP-775,PF1X8
NE,ZUD-1197,YHSCB
NY,0Z940,53DQU
SD,472-TRT,WSATN
MD,79-QV63,T995H
NC,95Q C26,ZYUDS
NY,FLM 5834,D2729
DE,HVY-7205,KP2RE
DE,HVY-7205,LBG85
IA,LZQ 504,6IKAH
GA,QDE-7744,W2ACO
GA,QDE-7744,Q30N4
MS,QU 0084,RWGSX
WI,16OO4,5GRXX
WI,16OO4,3DQU6
HI,2VS77,KQRLG
NH,3-89242Q,XXGIJ
AZ,665-UAR,DLM16
OK,912ZJY,ZG6GT
NY,BED9026,H6LH6
LA,D38 0FO,ORKT1
WY,OFU E66,0TWYI
CA,QCF 347,NA40X
RI,072-PLJ,FSSXT
SD,110-GQW,ZGRHM
MO,2KA3289,74XYN
KY,5I GX516,3JLLF
AZ,5SD 709,0XATI
TX,7XM 115,FAEQ5
TX,7XM 115,PJ84C
NY,9JT 095,GZZGQ
MT,CK6 T0Y,PA5FO
MT,CK6 T0Y,6D4OX
MT,DPP-021,9E562
VT,LGP-219,9X1QN
WI,QEG9344,GO7CC
MD,QLV 327,IMT18
VT,TXD 129,SM0PN
WA,ZTA 175,YNMFG
WA,ZTA 175,IVAK8
IA,09N•782,5ZW1N
WY,1039 FT,HG614
NY,105 3WY,61083
FL,255 CUA,A0XJN
WA,258 HAR,7BDBG
WA,258 HAR,QU4A9
MA,3ZZ 839,6K09K
MA,3ZZ 839,ENA2S
VA,46I G56,XMZS8
IL,939 GCZ,0S0Z5
IN,HRX-7625,YUB31
IA,UTK0968,NP78L
ND,YJC 261,O139N
KS,Z06-UOC,HQ6B8
WV,0031,6Z53Z
MD,172 5SQ,G4EFF
WY,18M•208,G3XGW
CA,204 OQA,19M5E
HI,282 PWC,7PU7C
HI,282 PWC,F62L6
NC,5IBR 81,81ACZ
NV,6-4627T,5SPW2
ME,6KZ F15,GN9XI
CT,720 ABA,TP410
NV,721 SKK,LWBDM
DC,BQE O93,OH66E
MO,FFE 453,YJ4KY
CA,HCA 806,L9X7F
GA,HR3 6799,ZH78Q
VT,RHS-400,07GEY
VT,RHS-400,GMPON
RI,3419 YW,MPZQP
VT,5XP2332,UFQ8K
WI,713 SXU,X8NIE
IN,8RZ 174,69DND
CA,CBK-2572,P4QJF
OK,F15-42C,K8UA4
AK,I74 8MC,GWP36
MD,NMV-2839,482Z7
SD,WVP D36,RRNM8
PA,266-590,6U49W
HI,513IPY,F0JCN
AZ,66K K43,KIO2X
DE,949-PNP,MCFNR
OR,957-OAG,GRFKU
KS,HSP 639,DYZKQ
UT,MYB 792,8WQC4
AR,QVK 138,G3QMM
UT,SRY-029,AQB3J
MI,22-H609,971NU
MD,243-DGZ,Y5B0M
MD,243-DGZ,9298L
AL,4UQN 16,ZP9PL
KY,5OTN 33,OT2Y6
UT,619UV,W3LVC
DC,63-9601I,BFX3V
OK,7CV 817,D8WUR
WY,913-WGS,91H9E
GA,9E 20103,1Y526
DC,EUR-956,J4E5K
NY,PKP-276,GDGDO
DC,SAB-426,MDEOI
DC,SAB-426,GOBJH
IN,XXM 956,E4SA1
VT,216MOS,RP5FU
TX,25W OW8,X307G
MI,281 DPN,HTTXL
WY,2G 0310M,7S2FY
ID,307 TVF,0SHYX
SD,535DYW,0A09J
IL,9LK3914,95SZ3
IL,9LK3914,3NTLW
MO,232-IMB,Z99O5
ND,297U1,OO8ON
OH,525LPX,S7FBO
NE,529 CRQ,0NOQ8
NE,7-60818,PICUV
NM,75-6438M,RRNM8
WY,978M5,49WB9
WY,978M5,0XATI
GA,HWY-5573,RQCXT
ME,NCZ 9908,J6YTK
RI,T64 4QF,VI6KZ
AL,TW 3943,ZQGVW
VA,UB-5329,JKXTM
VA,UB-5329,2UAZO
SC,0288,WAKHM
SC,053-RFN,N28FZ
SC,18-H837,V89LA
SC,1818,SBK3Z
SC,270 QV5,WFI6M
SC,60Y K73,UR94R
SC,630-QDR,071R3
SC,WQJ-791,LKXPT
SD,436R,WITRH
SD,9B134,GVRDR
SD,D52 5FU,9TBC0
SD,IQ 5380,Z1TRU
SD,KGD9912,6Y9PG
SD,NON-104,THITZ
SD,NON-104,YW4UI
SD,QNI-6269,M73C3
SD,VUH 528,PA5FO
UT,2-H8166,8A3A4
UT,2-H8166,ATHEI
AK,4YD8361,A26ST
ID,796 WU1,86RDZ
HI,8-8364A,QP1HY
MN,83R M40,WRBQX
WV,9O 21651,35LK9
WV,9O 21651,9HAR4
AZ,9Z 19558,QEEUO
HI,QMC 284,0G8M4
WI,R 979780,T49S9
PA,YKO1031,BQY6L
OR,0GEH910,7QRO1
OR,0GEH910,TV32Y
DE,103 VNG,EXHAB
NC,165 4LY,M4ZI6
RI,351 WEB,GMF1S
ND,400-RAN,HXNH8
SD,40I 151,K3PE1
DC,953-JIQ,MLGDU
AR,9V 78147,45MFB
CT,LJ7 C6F,1MGBW
NV,ZTN 917,TUKDI
TX,006 4498,GW4T1
WI,29XC702,SCET1
UT,2V 6549T,P66S5
IA,3-55523Y,TKQ2Y
RI,31-S959,V3ZCW
OK,364 3YV,GHULA
SC,604-PPE,65ASV
MI,683 GDX,7FMHD
NV,7CQ 048,OO8ON
MN,EY 5734,GPIMB
AZ,GW-4613,SYZ1X
MD,PGP 466,TXXUU
WY,QCD 786,3483R
ID,YNE-5975,1TLN4
MI,690 DBU,A75S3
WA,7-U9186,F1AJZ
KY,71O•100,ZD5L2
KY,71O•100,920AI
MO,782 SHY,QJFSG
MO,782 SHY,YKRH4
MO,782 SHY,JAWDY
KY,935 MDI,N28FZ
TX,99M 5151,CJUFH
CO,9H 0288T,7RBVP
SD,BP6 7007,NO0D3
DC,HIG5278,T49S9
TN,RZ1 W0Z,MM954
OK,ULV6523,QRWD9
IN,YJL0641,6S2KE
ID,ZA 58095,6XW8M
MI,043 JYQ,4HVAK
IL,603-LVT,66FJ1
IL,603-LVT,ZJWLB
NY,AM6 2523,KAERD
LA,1CDF 51,HH43E
CA,282 HVM,LO7O1
LA,3ZO 799,NB94H
MN,5YT6171,FL0WJ
RI,764 8010,QJSUP
CO,9-15476J,G2J8Q
ND,9C TW734,WI3Z8
MA,J87-43Z,YL3KH
FL,QGN 856,01D4U
VT,YAG 024,K67Q6
DC,1-6927B,OYA6C
WI,13-JH09,Y4A5X
CA,3329,LCVES
WA,5DJ R08,86RDZ
VT,680-DOV,1YREC
MS,979-LRN,VM8U0
AL,9K361,HRVXY
WA,F29-16X,MH5MG
MI,FDH3887,8D763
VT,RB8 5693,CMWO8
MO,ZK 8364,FFO0T
UT,02-BT39,81SL1
OH,1QR 154,CCEUY
OH,1QR 154,2L8XD
VT,376 PYT,VTNVT
OR,384 WAT,PNM5I
ME,416 GER,8XTJ3
MD,568 3022,74R8C
MD,568 3022,LM88V
ND,84-IK89,CDJDT
OK,8F 8O7NMO,WULMI
MI,935-753,VWLZ7
NH,951 6433,DMQ5Z
WV,BVO 901,MF6MR
AK,MML8096,J9G5I
LA,Q24-45V,7XQ3I
OK,RLT 8898,KMSQY
CA,182T6,TQV0P
WV,2LV 800,H50XK
AZ,393CQW,IH68Y
AZ,393CQW,JZZJB
MI,41IY937,K6F2O
NJ,4KSR 91,P2WQ8
AZ,69-6614C,JR6ZI
AZ,69-6614C,QT38M
ID,744 ZI7,AZ0DQ
CO,9-Q3139,0610S
OR,AFM-110,ANHJ3
OR,AFM-110,LS35A
OK,LQW 1771,RUBIO
PA,QR 7426,IVCLP
PA,UVX 7125,7BDBG
PA,UVX 7125,IQX4J
DC,ZAJ 441,T7M3I
OK,32AR5,AQXI9
OH,5ZN7887,Q65OK
WV,810-JSX,S5B4O
IN,9V ME342,NWG7Y
FL,WDS 689,CEKY5
OK,ZKN 282,M3VAU
OK,25E 9702,X9RSS
TX,39E KP2,PFAHC
NV,499S0,RGXJE
AL,4YZ 967,2CQRK
MN,621-ZAY,8B7C4
VA,83NW2,HDSR0
VA,83NW2,MSZVO
ID,HMI-1382,2AHQ9
NH,HYR 546,1MGBW
NV,T72 0WU,TCUPO
PA,V80 6PL,OFTY7
PA,V80 6PL,CW6SU
GA,VHV 252,7XSZH
NY,377-KBE,MPL6N
SD,62-32652,3G2FI
WI,9A 56349,C3Q2T
KS,NTZ9071,KGGZ6
TX,085PKW,ARGSG
LA,193 7RW,WY4OV
NM,2G131,33QBI
NM,2G131,ZUVG4
IL,469 HGX,OMVG8
NC,HQY 712,PDMSH
WY,N23 3FX,PNM5I
VA,NZ-1742,CEWHC
ID,RR 2999,S6OY0
NM,03L Q90,QOEP5
WY,04-ML80,9X2A3
SC,0K 91932,TCV0X
IL,461 GLC,VOVQW
NC,46X R31,6ZP9V
KS,7095 LZ,CEZ02
NH,766O8,ZAH6Q
GA,H05-UGE,WBMN1
WY,I 002090,L5GGP
WY,I 002090,81ACZ
WY,I 002090,D55TW
WY,I 002090,0JI48
MD,IKF-7737,937GV
AZ,ZIR 958,PM7HN
IA,0TM9406,6U497
SD,189 3066,58JA4
ND,233I,713MI
ID,2KOH 42,YR334
VA,472 GMV,5AOX8
NE,4JS 561,U1VZD
IL,5-42076,5WURH
NY,61T 214,2CJ0Z
SD,65FD935,AXDVR
PA,8-49834,4SIBZ
MD,8286 QK,XQUA1
AR,BE0 2875,M8UEU
AR,BE0 2875,R21WM
AR,BE0 2875,USOFP
HI,JK5 I8Z,WYMU6
MO,MXI 070,IQOLV
ID,0-17385U,YAXAU
MA,0MF 443,G80XK
AZ,11T KM7,YGXF1
AZ,11T KM7,Q8ZPT
SC,2XD 983,KK6IB
AZ,336V2,8TL3W
MS,337-UTQ,N17HT
KS,4XH 305,12WMV
CA,5154 LC,6NIA4
DC,5MI 094,XTEB4
OH,702 BJF,ZEPRP
TX,715 EUE,B19U1
WV,731JAX,NKUUN
IA,870-VQG,071R3
TX,911-YQE,JAXNY
TX,MSB 815,K1DMO
DC,ZBF 486,S3DHH
ND,1PX 611,FE7Q8
NM,981AG,NMWTU
MO,994 XUM,3UN1N
CO,GOU 2618,DG2JW
MN,I38 4AX,0IJE5
RI,LMT 265,OG7QG
TN,0YO 169,PM7HN
CT,286 NEV,EBDHF
CO,308908,43M19
MO,352 7NX,GRF4S
MO,352 7NX,63IPE
NE,4M426,3PNJ8
NE,871NY,ZF6YW
CT,900-WDL,IWTRH
TN,EQW-2807,I29NW
MD,JJU 6200,KQRWE
DC,LPT 494,7JM90
VT,08P Q50,IYQ2K
UT,123 ZUL,D4ZJJ
MO,3-P7801,P4QTQ
WY,32-B821,HD7HQ
DE,834 EPQ,PATJ9
ID,911 CKE,6ZNYY
CO,922 MRW,51M9S
CT,933OMH,RGA2G
CT,LQD 6719,KVCPU
MN,Q 542138,5M6TO
CA,ZQG 905,BVRP7
TN,06XS305,Y2VUP
TN,352-NKOJ,VZ3J2
TN,3MTU 11,NC8N7
TN,414-MAI,NUQKP
TN,44PH013,4TTYC
TN,576346,H47E6
TN,6682,G5A2S
TN,834 OXY,OHZXY
TN,BD-4903,2UBZ8
TN,GDV-309,X9L36
TN,LAH 091,CZH0H
DE,13B 6096,FCJ0R
NJ,155-BGKR,UAFEA
KS,292 4CU,I3NZB
NM,296 1WS,AQZJC
NM,5F 6817G,SREYZ
NM,5F 6817G,KL3CG
AR,816 CLH,SSQOQ
NH,836 VZX,NH2ZF
FL,886-UFG,PDMSH
ID,887 9EL,58RRY
MD,9V 7775X,G341K
CT,CW9 0438,XJP1R
IL,KE5 S6K,FPP2X
MD,LID 147,G5QFZ
MD,LID 147,GIJWC
WA,ZAQ 779,J02XH
MN,ZBA 797,CYY9S
WY,ZEX 070,9ZL8Y
AZ,20-H030,9WWA6
DC,364-440,D9MR7
WY,447 DLM,B34UX
WY,607 BPB,SIKQI
PA,71EJ271,BQY6L
PA,71EJ271,4AQVG
SC,9B L6743,U3L5F
TN,GN7 G4Y,1VLAA
MT,PUG-6067,ZM2RY
MT,PUG-6067,73X9S
VT,XBK-9607,6ZJBP
WA,XYP 733,AN931
MS,126 NAT,0MQFH
DC,4DI 115,B12MN
DE,56V Y44,TCV0X
LA,PE-5712,QL0UG
CA,YAH 672,XGTMQ
WA,16K L64,N7151
WA,178XVF,8T4RF
ND,215 OLX,QAEOW
AL,252-169,FXHZS
OR,775 JZC,83541
OH,AI-4434,OCN5R
HI,FBR 596,VTNVT
NY,OF3 3753,8LKPN
WV,2-53800,CCEUY
TX,258 ATC,D6CHG
PA,2HST925,IXEQQ
PA,598X,RJ1C1
ND,6-4148K,4M7OW
AZ,B87 1IB,4VJZ1
WA,G99 2XC,1YXMR
RI,SS 6159,JAFVW
CO,28W 5947,JLVC3
MO,2MS 115,F3VXL
MO,726-GDVL,J0O6A
ID,926 DLI,S6OY0
CA,94-85414,Z99O5
AZ,HXQ 799,K28CZ
NC,TZ 40879,04H5M
VA,03-70348,ZWPAT
NY,210-DJP,KY5SI
MO,2Q 5144Y,DC8T4
GA,469 4MY,BQV8F
AZ,4V403,DSV00
AZ,4V403,TWEAU
ND,542-UUX,1WNVW
NC,9DJS 40,WGEPG
LA,K15 2BX,S5TMH
PA,LE 3474,9CS1N
MA,103TIE,KL94T
MN,2-8087I,K7FP8
OK,322-KLW,C8L48
NM,585-608,NQ93S
CA,668 ACY,K5FQG
CT,761-TOV,J73NW
SC,920AJU,XP17V
IL,941 VKP,A5VWB
NJ,998 KIX,UIXGA
MD,E29 0YZ,XP17V
DC,K 526987,RGDQL
VT,098 UXJ,PFSXG
MO,242 GIX,84NYO
AZ,344 EFL,CALWH
MS,431 EXG,BMQNA
AR,4864,1LVKT
AL,488V,05B9D
AL,488V,Y4F3W
MN,4F 8496P,MDV9A
WI,5-5447L,NUBPM
MI,EFA-853,2724S
WV,ELH8004,8L9L9
SC,WTR-3813,937GV
MI,106 FSR,FLY0Q
TN,2PZ Y38,1MGBW
TN,364 HYR,4Q0BV
NJ,5AG H78,25XGP
GA,6-H7363,BGPHU
CT,77C N85,MGXF5
DC,FXL-436,N25U8
MA,MXP J20,JL151
AZ,SWS 067,T8C8Z
AZ,SWS 067,MWI7Q
AZ,SWS 067,9GLOV
VA,007 DCD,J4B39
VA,007 DCD,VVB87
VA,0HM 596,OGANP
VA,0HM 596,NO736
VA,25-N656,NJG84
VA,357-PXD,UV1TM
VA,57L GY1,7UHZ7
VA,57V 0479,YSQII
VA,7E 0Q1JEH,Q1QAU
VA,COI 599,N25QC
VA,KPC 333,NNN0B
VA,MDU4378,3AW1V
PA,02-F162,3EF0Z
NJ,21V•822,VV4GD
GA,2ZHW516,B6X6P
NC,554 KRD,6OZK4
NV,662-RGW,K6F2O
NV,690S,XSBPD
MS,7AK L07,XJJP6
HI,GIU-9806,PATJ9
LA,3H 4399C,VMN1I
OH,43-59607,8XT24
MI,884-AQG,UTU6N
NH,DO0 8963,V4DEN
OK,JQJ3192,JLMJU
SC,XGS 887,2CUXU
ND,YSP3572,WHZAJ
MN,ZXJ 177,TQO3V
OH,0SS2135,2BZLP
AK,192 8SF,LU1R4
AR,6-72217L,ONHAM
MI,609 TAC,OHZIM
PA,6893 OH,ZOXZF
OR,AOB 174,3IAOM
UT,E06 8CL,872ZA
KS,EH 5250,JT7E2
OR,FNV-087,LWNBX
NH,H27 2SG,E3HT7
LA,144 7878,QBYZ1
TN,4765 LN,VMN1I
TN,4765 LN,I3MNH
TN,4765 LN,MM954
OK,599 FRV,WGNWL
KS,5W252,JDOEI
KS,5W252,QY0AQ
LA,67-EU21,FOR6R
VT,811 DGX,DGKJQ
MD,904 1AQ,5OOSE
OH,HZB 124,Q3G0X
OH,HZB 124,ARRQH
WA,JTJ-270,7POXW
ID,KUC-205,0STVI
MT,WNB-7045,DZ6O4
OR,ZTT 595,WXBMH
MA,0E 94548,V7ZPX
CA,0V SI526,SQYYD
NH,2I984,KQ0WJ
PA,420-375,UGTPF
SD,CLU-0570,PY1D7
IA,IPW 445,XP17V
OR,LQZ D34,DEF6Y
WI,TVF5242,H0Q3F
DE,X01-86N,M8VJJ
WV,YOR-1713,Q6LY0
GA,2UE 211,I6OOQ
DE,5IM E50,JC7Z1
DE,5IM E50,HUX4I
MO,67D O67,YDZRE
ID,750 NOV,N4GU8
ID,750 NOV,P479O
UT,HQL 214,ODC3W
UT,HQL 214,E3GNS
NE,I39 3XG,KT74V
MT,POV 1829,XVOFK
MT,POV 1829,3Z8YM
NC,XHZ 238,S2MC8
DE,ZLU8515,2CJ0Z
WV,538UWQ,AU3T5
AL,549 NBS,4C4VM
NV,684 2VW,XR2HK
AL,6W 84016,A0MSK
CT,9C 53551,P1S6R
MS,KLI 675,OWF2A
MS,KLI 675,4XIEP
MS,KLI 675,WXMWU
OR,O78 4OM,OU5XD
OH,O95 9XR,3B9XP
NH,QDY6099,0KKNU
NH,QDY6099,TRWGS
WA,025K6,N9ZBR
TN,0UOE623,O3ZH9
RI,416-ZND,P8PTE
RI,416-ZND,RCFYV
AR,4EZ Z73,QU4A9
NH,4KL 403,0STVI
NV,6-3917T,DTZUY
PA,6PK E64,BB6O6
NY,727 AXB,FVHJP
UT,85K P33,298D5
VT,ET 63533,XMZS8
MT,FKL-5424,OEI41
IN,UXS 604,DT13Y
MD,605BOS,N81G1
CO,6M B1617,B5GOZ
MO,6UW1889,6491X
MO,6UW1889,7QN0U
NY,6WD 070,474G2
MO,78-48210,2FVX9
MO,78-48210,12C04
WA,845 QPT,K273A
VT,926-NYW,PBPZO
VT,94C 985,S3TZ5
WA,KN7 E6T,K46CR
TN,KWQ-177,4HVAK
TN,KWQ-177,QKZLK
TN,LRT-835,W45TJ
AZ,UQG 295,RH1BP
AZ,UQG 295,7RAN5
NY,ZHU 001,7D1M1
